# elapsed_s	utc	edge_mC	power_uW	sclk_MHz	od_max_MHz	perf_level
0	2026-07-19T00:29:07Z	42000	10004000	600	2900	auto
2	2026-07-19T00:29:09Z	42000	15052000	734	2900	auto
4	2026-07-19T00:29:11Z	42000	16038000	771	2900	auto
6	2026-07-19T00:29:13Z	44000	20033000	2443	2900	auto
8	2026-07-19T00:29:15Z	44000	19081000	2839	2900	auto
10	2026-07-19T00:29:17Z	43000	19043000	2892	2900	auto
12	2026-07-19T00:29:19Z	43000	19046000	2899	2900	auto
14	2026-07-19T00:29:21Z	43000	19058000	2900	2900	auto
16	2026-07-19T00:29:23Z	43000	19048000	2900	2900	auto
18	2026-07-19T00:29:25Z	43000	20008000	2897	2900	auto
20	2026-07-19T00:29:27Z	43000	19098000	2899	2900	auto
22	2026-07-19T00:29:29Z	43000	19056000	2900	2900	auto
24	2026-07-19T00:29:31Z	43000	19045000	2900	2900	auto
26	2026-07-19T00:29:33Z	43000	19040000	2900	2900	auto
28	2026-07-19T00:29:35Z	43000	19053000	2900	2900	auto
30	2026-07-19T00:29:37Z	43000	19036000	2900	2900	auto
32	2026-07-19T00:29:39Z	43000	19033000	2900	2900	auto
34	2026-07-19T00:29:41Z	43000	19039000	2900	2900	auto
36	2026-07-19T00:29:43Z	43000	19038000	2888	2900	auto
38	2026-07-19T00:29:45Z	43000	19071000	2898	2900	auto
40	2026-07-19T00:29:47Z	52000	21006000	1959	2900	auto
42	2026-07-19T00:29:49Z	76000	124010000	2611	2900	auto
44	2026-07-19T00:29:51Z	78000	135092000	2649	2900	auto
46	2026-07-19T00:29:53Z	79000	139044000	2709	2900	auto
48	2026-07-19T00:29:55Z	80000	139064000	2706	2900	auto
50	2026-07-19T00:29:57Z	76000	127015000	2628	2900	auto
52	2026-07-19T00:29:59Z	76000	120095000	2580	2900	auto
54	2026-07-19T00:30:01Z	77000	120011000	2585	2900	auto
56	2026-07-19T00:30:03Z	76000	119097000	2571	2900	auto
58	2026-07-19T00:30:05Z	76000	119098000	2585	2900	auto
60	2026-07-19T00:30:07Z	76000	119094000	2577	2900	auto
62	2026-07-19T00:30:09Z	77000	119098000	2589	2900	auto
64	2026-07-19T00:30:11Z	75000	119097000	2584	2900	auto
66	2026-07-19T00:30:13Z	76000	119099000	2591	2900	auto
68	2026-07-19T00:30:15Z	76000	119098000	2585	2900	auto
70	2026-07-19T00:30:17Z	76000	119098000	2592	2900	auto
72	2026-07-19T00:30:19Z	75000	119099000	2586	2900	auto
74	2026-07-19T00:30:21Z	75000	120000000	2591	2900	auto
76	2026-07-19T00:30:23Z	75000	120003000	2585	2900	auto
78	2026-07-19T00:30:25Z	76000	120009000	2584	2900	auto
80	2026-07-19T00:30:27Z	75000	119094000	2590	2900	auto
82	2026-07-19T00:30:29Z	75000	120012000	2570	2900	auto
84	2026-07-19T00:30:31Z	75000	119098000	2594	2900	auto
86	2026-07-19T00:30:33Z	75000	119094000	2583	2900	auto
88	2026-07-19T00:30:36Z	75000	120000000	2598	2900	auto
91	2026-07-19T00:30:38Z	74000	120002000	2583	2900	auto
93	2026-07-19T00:30:40Z	74000	119096000	2596	2900	auto
95	2026-07-19T00:30:42Z	75000	119097000	2586	2900	auto
97	2026-07-19T00:30:44Z	74000	119097000	2597	2900	auto
99	2026-07-19T00:30:46Z	74000	120003000	2587	2900	auto
101	2026-07-19T00:30:48Z	75000	120001000	2597	2900	auto
103	2026-07-19T00:30:50Z	74000	119093000	2588	2900	auto
105	2026-07-19T00:30:52Z	74000	119098000	2599	2900	auto
107	2026-07-19T00:30:54Z	74000	119097000	2590	2900	auto
109	2026-07-19T00:30:56Z	74000	120001000	2598	2900	auto
111	2026-07-19T00:30:58Z	75000	120005000	2591	2900	auto
113	2026-07-19T00:31:00Z	74000	119099000	2597	2900	auto
115	2026-07-19T00:31:02Z	74000	120001000	2591	2900	auto
117	2026-07-19T00:31:04Z	76000	119066000	2587	2900	auto
119	2026-07-19T00:31:06Z	75000	119095000	2592	2900	auto
121	2026-07-19T00:31:08Z	74000	120005000	2581	2900	auto
123	2026-07-19T00:31:10Z	75000	119089000	2598	2900	auto
125	2026-07-19T00:31:12Z	74000	119097000	2577	2900	auto
127	2026-07-19T00:31:14Z	74000	119098000	2598	2900	auto
129	2026-07-19T00:31:16Z	74000	119092000	2579	2900	auto
131	2026-07-19T00:31:18Z	74000	120006000	2600	2900	auto
133	2026-07-19T00:31:20Z	73000	119096000	2578	2900	auto
135	2026-07-19T00:31:22Z	74000	119098000	2600	2900	auto
137	2026-07-19T00:31:24Z	73000	120003000	2591	2900	auto
139	2026-07-19T00:31:26Z	74000	120001000	2600	2900	auto
141	2026-07-19T00:31:28Z	73000	120000000	2590	2900	auto
143	2026-07-19T00:31:30Z	73000	119098000	2601	2900	auto
145	2026-07-19T00:31:32Z	73000	120001000	2592	2900	auto
147	2026-07-19T00:31:34Z	74000	120000000	2602	2900	auto
149	2026-07-19T00:31:36Z	73000	119095000	2594	2900	auto
151	2026-07-19T00:31:38Z	73000	120002000	2603	2900	auto
153	2026-07-19T00:31:40Z	73000	120000000	2595	2900	auto
155	2026-07-19T00:31:42Z	73000	119096000	2602	2900	auto
157	2026-07-19T00:31:44Z	72000	119098000	2596	2900	auto
159	2026-07-19T00:31:46Z	72000	120000000	2601	2900	auto
161	2026-07-19T00:31:48Z	73000	120004000	2597	2900	auto
163	2026-07-19T00:31:50Z	74000	120027000	2590	2900	auto
165	2026-07-19T00:31:52Z	73000	119090000	2601	2900	auto
167	2026-07-19T00:31:54Z	72000	120002000	2585	2900	auto
169	2026-07-19T00:31:56Z	73000	119099000	2604	2900	auto
171	2026-07-19T00:31:58Z	73000	119097000	2583	2900	auto
173	2026-07-19T00:32:00Z	73000	120005000	2603	2900	auto
175	2026-07-19T00:32:02Z	72000	119092000	2592	2900	auto
177	2026-07-19T00:32:04Z	73000	119097000	2600	2900	auto
179	2026-07-19T00:32:06Z	73000	119097000	2594	2900	auto
181	2026-07-19T00:32:08Z	73000	120006000	2605	2900	auto
183	2026-07-19T00:32:10Z	73000	119092000	2594	2900	auto
185	2026-07-19T00:32:12Z	73000	119099000	2605	2900	auto
187	2026-07-19T00:32:14Z	73000	119096000	2595	2900	auto
190	2026-07-19T00:32:17Z	72000	119096000	2606	2900	auto
192	2026-07-19T00:32:19Z	72000	120008000	2598	2900	auto
194	2026-07-19T00:32:21Z	72000	120002000	2605	2900	auto
196	2026-07-19T00:32:23Z	72000	119099000	2596	2900	auto
198	2026-07-19T00:32:25Z	72000	120002000	2603	2900	auto
200	2026-07-19T00:32:27Z	72000	120005000	2598	2900	auto
202	2026-07-19T00:32:29Z	73000	120017000	2596	2900	auto
204	2026-07-19T00:32:31Z	72000	119093000	2598	2900	auto
206	2026-07-19T00:32:33Z	71000	120010000	2585	2900	auto
208	2026-07-19T00:32:35Z	73000	119091000	2605	2900	auto
210	2026-07-19T00:32:37Z	72000	119097000	2586	2900	auto
212	2026-07-19T00:32:39Z	72000	120002000	2609	2900	auto
214	2026-07-19T00:32:41Z	71000	119092000	2592	2900	auto
216	2026-07-19T00:32:43Z	72000	120008000	2607	2900	auto
218	2026-07-19T00:32:45Z	71000	119094000	2589	2900	auto
220	2026-07-19T00:32:47Z	72000	120005000	2607	2900	auto
222	2026-07-19T00:32:49Z	72000	119096000	2596	2900	auto
224	2026-07-19T00:32:51Z	72000	119097000	2609	2900	auto
226	2026-07-19T00:32:53Z	72000	119095000	2594	2900	auto
228	2026-07-19T00:32:55Z	72000	119095000	2607	2900	auto
230	2026-07-19T00:32:57Z	72000	119099000	2599	2900	auto
232	2026-07-19T00:32:59Z	72000	119096000	2607	2900	auto
234	2026-07-19T00:33:01Z	71000	119096000	2594	2900	auto
236	2026-07-19T00:33:03Z	72000	119096000	2607	2900	auto
238	2026-07-19T00:33:05Z	72000	120004000	2601	2900	auto
240	2026-07-19T00:33:07Z	72000	120008000	2606	2900	auto
242	2026-07-19T00:33:09Z	71000	120002000	2599	2900	auto
244	2026-07-19T00:33:11Z	73000	120017000	2596	2900	auto
246	2026-07-19T00:33:13Z	72000	119092000	2601	2900	auto
248	2026-07-19T00:33:15Z	71000	119097000	2588	2900	auto
250	2026-07-19T00:33:17Z	72000	119097000	2608	2900	auto
252	2026-07-19T00:33:19Z	72000	119095000	2589	2900	auto
254	2026-07-19T00:33:21Z	72000	120008000	2608	2900	auto
256	2026-07-19T00:33:23Z	71000	120000000	2594	2900	auto
258	2026-07-19T00:33:25Z	71000	119098000	2605	2900	auto
260	2026-07-19T00:33:27Z	71000	119095000	2596	2900	auto
262	2026-07-19T00:33:29Z	71000	119098000	2607	2900	auto
264	2026-07-19T00:33:31Z	72000	120001000	2596	2900	auto
266	2026-07-19T00:33:33Z	72000	119098000	2609	2900	auto
268	2026-07-19T00:33:35Z	71000	119096000	2601	2900	auto
270	2026-07-19T00:33:37Z	72000	120005000	2611	2900	auto
272	2026-07-19T00:33:39Z	71000	120004000	2602	2900	auto
274	2026-07-19T00:33:41Z	71000	119097000	2610	2900	auto
276	2026-07-19T00:33:43Z	71000	120000000	2600	2900	auto
278	2026-07-19T00:33:45Z	71000	119098000	2609	2900	auto
280	2026-07-19T00:33:47Z	71000	119097000	2602	2900	auto
282	2026-07-19T00:33:49Z	65000	119016000	2593	2900	auto
284	2026-07-19T00:33:51Z	72000	119086000	2602	2900	auto
286	2026-07-19T00:33:53Z	72000	120010000	2594	2900	auto
288	2026-07-19T00:33:55Z	72000	119090000	2603	2900	auto
290	2026-07-19T00:33:58Z	71000	120006000	2582	2900	auto
293	2026-07-19T00:34:00Z	72000	119098000	2603	2900	auto
295	2026-07-19T00:34:02Z	72000	119098000	2596	2900	auto
297	2026-07-19T00:34:04Z	72000	120001000	2608	2900	auto
299	2026-07-19T00:34:06Z	72000	120000000	2582	2900	auto
301	2026-07-19T00:34:08Z	72000	120010000	2605	2900	auto
303	2026-07-19T00:34:10Z	72000	119095000	2584	2900	auto
305	2026-07-19T00:34:12Z	72000	120007000	2604	2900	auto
307	2026-07-19T00:34:14Z	72000	119094000	2594	2900	auto
309	2026-07-19T00:34:16Z	73000	120004000	2605	2900	auto
311	2026-07-19T00:34:18Z	73000	119097000	2599	2900	auto
313	2026-07-19T00:34:20Z	73000	119099000	2607	2900	auto
315	2026-07-19T00:34:22Z	73000	120003000	2594	2900	auto
317	2026-07-19T00:34:24Z	72000	119097000	2605	2900	auto
319	2026-07-19T00:34:26Z	72000	119099000	2594	2900	auto
321	2026-07-19T00:34:28Z	73000	119098000	2602	2900	auto
323	2026-07-19T00:34:30Z	72000	120006000	2593	2900	auto
325	2026-07-19T00:34:32Z	72000	120002000	2601	2900	auto
327	2026-07-19T00:34:34Z	72000	119099000	2592	2900	auto
329	2026-07-19T00:34:36Z	65000	119016000	2592	2900	auto
331	2026-07-19T00:34:38Z	73000	119095000	2597	2900	auto
333	2026-07-19T00:34:40Z	73000	120004000	2583	2900	auto
335	2026-07-19T00:34:42Z	73000	119093000	2601	2900	auto
337	2026-07-19T00:34:44Z	73000	119091000	2582	2900	auto
339	2026-07-19T00:34:46Z	73000	120011000	2604	2900	auto
341	2026-07-19T00:34:48Z	73000	119096000	2573	2900	auto
343	2026-07-19T00:34:50Z	73000	120001000	2599	2900	auto
345	2026-07-19T00:34:52Z	73000	119095000	2586	2900	auto
347	2026-07-19T00:34:54Z	73000	119099000	2599	2900	auto
349	2026-07-19T00:34:56Z	74000	120000000	2582	2900	auto
351	2026-07-19T00:34:58Z	73000	119099000	2600	2900	auto
353	2026-07-19T00:35:00Z	73000	119096000	2591	2900	auto
355	2026-07-19T00:35:02Z	74000	119095000	2601	2900	auto
357	2026-07-19T00:35:04Z	75000	120000000	2593	2900	auto
359	2026-07-19T00:35:06Z	74000	120004000	2603	2900	auto
361	2026-07-19T00:35:08Z	73000	119097000	2593	2900	auto
363	2026-07-19T00:35:10Z	73000	119098000	2601	2900	auto
365	2026-07-19T00:35:12Z	75000	120003000	2593	2900	auto
367	2026-07-19T00:35:14Z	73000	119097000	2598	2900	auto
369	2026-07-19T00:35:16Z	73000	120000000	2591	2900	auto
371	2026-07-19T00:35:18Z	73000	119099000	2597	2900	auto
373	2026-07-19T00:35:20Z	74000	119094000	2595	2900	auto
375	2026-07-19T00:35:22Z	74000	120006000	2582	2900	auto
377	2026-07-19T00:35:24Z	74000	119090000	2601	2900	auto
379	2026-07-19T00:35:26Z	74000	119090000	2585	2900	auto
381	2026-07-19T00:35:28Z	74000	120001000	2602	2900	auto
383	2026-07-19T00:35:30Z	74000	120000000	2582	2900	auto
385	2026-07-19T00:35:32Z	73000	120000000	2598	2900	auto
387	2026-07-19T00:35:34Z	74000	119097000	2588	2900	auto
389	2026-07-19T00:35:36Z	74000	120000000	2599	2900	auto
391	2026-07-19T00:35:38Z	74000	119097000	2589	2900	auto
393	2026-07-19T00:35:41Z	75000	119099000	2599	2900	auto
396	2026-07-19T00:35:43Z	75000	120003000	2589	2900	auto
398	2026-07-19T00:35:45Z	74000	119097000	2598	2900	auto
400	2026-07-19T00:35:47Z	74000	119096000	2590	2900	auto
402	2026-07-19T00:35:49Z	75000	120002000	2599	2900	auto
404	2026-07-19T00:35:51Z	74000	120001000	2592	2900	auto
406	2026-07-19T00:35:53Z	74000	119099000	2597	2900	auto
408	2026-07-19T00:35:55Z	74000	120001000	2592	2900	auto
410	2026-07-19T00:35:57Z	75000	120004000	2596	2900	auto
412	2026-07-19T00:35:59Z	74000	120006000	2587	2900	auto
414	2026-07-19T00:36:01Z	76000	120015000	2590	2900	auto
416	2026-07-19T00:36:03Z	74000	119096000	2592	2900	auto
418	2026-07-19T00:36:05Z	74000	120007000	2578	2900	auto
420	2026-07-19T00:36:07Z	74000	119093000	2600	2900	auto
422	2026-07-19T00:36:09Z	75000	119093000	2580	2900	auto
424	2026-07-19T00:36:11Z	75000	120009000	2599	2900	auto
426	2026-07-19T00:36:13Z	74000	119097000	2587	2900	auto
428	2026-07-19T00:36:15Z	75000	120003000	2598	2900	auto
430	2026-07-19T00:36:17Z	75000	120002000	2582	2900	auto
432	2026-07-19T00:36:19Z	75000	119099000	2598	2900	auto
434	2026-07-19T00:36:21Z	74000	119094000	2581	2900	auto
436	2026-07-19T00:36:23Z	74000	119098000	2596	2900	auto
438	2026-07-19T00:36:25Z	74000	119096000	2587	2900	auto
440	2026-07-19T00:36:27Z	75000	119097000	2599	2900	auto
442	2026-07-19T00:36:29Z	75000	119098000	2590	2900	auto
444	2026-07-19T00:36:31Z	75000	120005000	2599	2900	auto
446	2026-07-19T00:36:33Z	75000	120001000	2592	2900	auto
448	2026-07-19T00:36:35Z	74000	120001000	2599	2900	auto
450	2026-07-19T00:36:37Z	74000	120000000	2591	2900	auto
452	2026-07-19T00:36:39Z	74000	120006000	2595	2900	auto
454	2026-07-19T00:36:41Z	75000	120001000	2589	2900	auto
456	2026-07-19T00:36:43Z	76000	120023000	2586	2900	auto
458	2026-07-19T00:36:45Z	75000	119091000	2588	2900	auto
460	2026-07-19T00:36:47Z	75000	120011000	2572	2900	auto
462	2026-07-19T00:36:49Z	75000	120001000	2596	2900	auto
464	2026-07-19T00:36:51Z	74000	119098000	2574	2900	auto
466	2026-07-19T00:36:53Z	75000	120002000	2597	2900	auto
468	2026-07-19T00:36:55Z	75000	119098000	2583	2900	auto
470	2026-07-19T00:36:57Z	74000	120000000	2596	2900	auto
472	2026-07-19T00:36:59Z	75000	120005000	2584	2900	auto
474	2026-07-19T00:37:01Z	75000	120004000	2597	2900	auto
476	2026-07-19T00:37:03Z	74000	119093000	2581	2900	auto
478	2026-07-19T00:37:05Z	75000	119097000	2595	2900	auto
480	2026-07-19T00:37:07Z	75000	119095000	2587	2900	auto
482	2026-07-19T00:37:09Z	75000	120000000	2597	2900	auto
484	2026-07-19T00:37:11Z	75000	120001000	2589	2900	auto
486	2026-07-19T00:37:13Z	75000	119098000	2597	2900	auto
488	2026-07-19T00:37:15Z	75000	120007000	2589	2900	auto
490	2026-07-19T00:37:17Z	75000	119097000	2597	2900	auto
492	2026-07-19T00:37:19Z	75000	119098000	2588	2900	auto
494	2026-07-19T00:37:22Z	74000	120002000	2595	2900	auto
497	2026-07-19T00:37:24Z	74000	119099000	2586	2900	auto
499	2026-07-19T00:37:26Z	75000	120006000	2594	2900	auto
501	2026-07-19T00:37:28Z	76000	119091000	2591	2900	auto
503	2026-07-19T00:37:30Z	75000	120020000	2580	2900	auto
505	2026-07-19T00:37:32Z	74000	119087000	2587	2900	auto
507	2026-07-19T00:37:34Z	75000	119099000	2575	2900	auto
509	2026-07-19T00:37:36Z	75000	119099000	2598	2900	auto
511	2026-07-19T00:37:38Z	75000	119094000	2577	2900	auto
513	2026-07-19T00:37:40Z	75000	120001000	2595	2900	auto
515	2026-07-19T00:37:42Z	75000	120002000	2571	2900	auto
517	2026-07-19T00:37:44Z	75000	120000000	2595	2900	auto
519	2026-07-19T00:37:46Z	75000	119098000	2581	2900	auto
521	2026-07-19T00:37:48Z	75000	119099000	2593	2900	auto
523	2026-07-19T00:37:50Z	75000	120000000	2577	2900	auto
525	2026-07-19T00:37:52Z	75000	120002000	2593	2900	auto
527	2026-07-19T00:37:54Z	75000	119095000	2582	2900	auto
529	2026-07-19T00:37:56Z	75000	119099000	2596	2900	auto
531	2026-07-19T00:37:58Z	75000	119098000	2585	2900	auto
533	2026-07-19T00:38:00Z	75000	119098000	2590	2900	auto
535	2026-07-19T00:38:02Z	76000	119098000	2583	2900	auto
537	2026-07-19T00:38:04Z	75000	119097000	2595	2900	auto
539	2026-07-19T00:38:06Z	75000	120002000	2589	2900	auto
541	2026-07-19T00:38:08Z	75000	119098000	2594	2900	auto
543	2026-07-19T00:38:10Z	75000	120009000	2584	2900	auto
545	2026-07-19T00:38:12Z	77000	119094000	2586	2900	auto
547	2026-07-19T00:38:14Z	75000	120001000	2589	2900	auto
549	2026-07-19T00:38:16Z	75000	120012000	2571	2900	auto
551	2026-07-19T00:38:18Z	75000	119092000	2593	2900	auto
553	2026-07-19T00:38:20Z	75000	119095000	2576	2900	auto
555	2026-07-19T00:38:22Z	75000	120001000	2596	2900	auto
557	2026-07-19T00:38:24Z	76000	119099000	2576	2900	auto
559	2026-07-19T00:38:26Z	75000	120001000	2594	2900	auto
561	2026-07-19T00:38:28Z	75000	119091000	2577	2900	auto
563	2026-07-19T00:38:30Z	75000	119099000	2595	2900	auto
565	2026-07-19T00:38:32Z	75000	119096000	2583	2900	auto
567	2026-07-19T00:38:34Z	75000	120003000	2595	2900	auto
569	2026-07-19T00:38:36Z	75000	120003000	2578	2900	auto
571	2026-07-19T00:38:38Z	75000	120000000	2594	2900	auto
573	2026-07-19T00:38:40Z	76000	119095000	2585	2900	auto
575	2026-07-19T00:38:42Z	76000	119097000	2596	2900	auto
577	2026-07-19T00:38:44Z	75000	119098000	2585	2900	auto
579	2026-07-19T00:38:46Z	75000	119099000	2595	2900	auto
581	2026-07-19T00:38:48Z	75000	119098000	2589	2900	auto
583	2026-07-19T00:38:50Z	74000	119097000	2594	2900	auto
585	2026-07-19T00:38:52Z	74000	120002000	2587	2900	auto
587	2026-07-19T00:38:54Z	75000	120005000	2592	2900	auto
589	2026-07-19T00:38:56Z	75000	119098000	2585	2900	auto
591	2026-07-19T00:38:58Z	76000	120030000	2584	2900	auto
593	2026-07-19T00:39:00Z	75000	119089000	2592	2900	auto
595	2026-07-19T00:39:02Z	75000	120008000	2571	2900	auto
597	2026-07-19T00:39:04Z	75000	120001000	2592	2900	auto
599	2026-07-19T00:39:07Z	75000	119096000	2579	2900	auto
602	2026-07-19T00:39:09Z	75000	119099000	2595	2900	auto
604	2026-07-19T00:39:11Z	75000	120006000	2582	2900	auto
606	2026-07-19T00:39:13Z	75000	119098000	2594	2900	auto
608	2026-07-19T00:39:15Z	75000	119096000	2582	2900	auto
610	2026-07-19T00:39:17Z	75000	119099000	2592	2900	auto
612	2026-07-19T00:39:19Z	75000	119095000	2581	2900	auto
614	2026-07-19T00:39:21Z	75000	119094000	2594	2900	auto
616	2026-07-19T00:39:23Z	75000	119095000	2577	2900	auto
618	2026-07-19T00:39:25Z	76000	119099000	2592	2900	auto
620	2026-07-19T00:39:27Z	76000	119096000	2585	2900	auto
622	2026-07-19T00:39:29Z	75000	119099000	2596	2900	auto
624	2026-07-19T00:39:31Z	75000	119096000	2586	2900	auto
626	2026-07-19T00:39:33Z	75000	120001000	2594	2900	auto
628	2026-07-19T00:39:35Z	75000	119099000	2587	2900	auto
630	2026-07-19T00:39:37Z	75000	119099000	2594	2900	auto
632	2026-07-19T00:39:39Z	75000	119098000	2588	2900	auto
634	2026-07-19T00:39:41Z	75000	119099000	2594	2900	auto
636	2026-07-19T00:39:43Z	75000	120005000	2588	2900	auto
638	2026-07-19T00:39:45Z	76000	120005000	2589	2900	auto
640	2026-07-19T00:39:47Z	75000	119097000	2585	2900	auto
642	2026-07-19T00:39:49Z	76000	120020000	2579	2900	auto
644	2026-07-19T00:39:51Z	75000	119088000	2593	2900	auto
646	2026-07-19T00:39:53Z	76000	119091000	2575	2900	auto
648	2026-07-19T00:39:55Z	75000	120000000	2597	2900	auto
650	2026-07-19T00:39:57Z	76000	119094000	2571	2900	auto
652	2026-07-19T00:39:59Z	75000	120003000	2594	2900	auto
654	2026-07-19T00:40:01Z	75000	119097000	2572	2900	auto
656	2026-07-19T00:40:03Z	75000	119095000	2595	2900	auto
658	2026-07-19T00:40:05Z	75000	119094000	2578	2900	auto
660	2026-07-19T00:40:07Z	76000	119097000	2594	2900	auto
662	2026-07-19T00:40:09Z	75000	119093000	2580	2900	auto
664	2026-07-19T00:40:11Z	76000	119096000	2592	2900	auto
666	2026-07-19T00:40:13Z	75000	119095000	2585	2900	auto
668	2026-07-19T00:40:15Z	75000	120001000	2593	2900	auto
670	2026-07-19T00:40:17Z	75000	119098000	2586	2900	auto
672	2026-07-19T00:40:19Z	76000	120001000	2594	2900	auto
674	2026-07-19T00:40:21Z	76000	119096000	2588	2900	auto
676	2026-07-19T00:40:23Z	76000	120000000	2593	2900	auto
678	2026-07-19T00:40:25Z	76000	120006000	2585	2900	auto
680	2026-07-19T00:40:27Z	76000	119099000	2592	2900	auto
682	2026-07-19T00:40:29Z	75000	120002000	2585	2900	auto
684	2026-07-19T00:40:31Z	67000	119017000	2583	2900	auto
686	2026-07-19T00:40:33Z	75000	119082000	2586	2900	auto
688	2026-07-19T00:40:35Z	75000	120020000	2579	2900	auto
690	2026-07-19T00:40:37Z	76000	119099000	2590	2900	auto
692	2026-07-19T00:40:39Z	75000	119092000	2577	2900	auto
694	2026-07-19T00:40:41Z	76000	120001000	2597	2900	auto
696	2026-07-19T00:40:43Z	75000	119098000	2583	2900	auto
698	2026-07-19T00:40:45Z	75000	120001000	2595	2900	auto
700	2026-07-19T00:40:47Z	75000	120000000	2584	2900	auto
702	2026-07-19T00:40:49Z	75000	120000000	2594	2900	auto
705	2026-07-19T00:40:52Z	76000	120004000	2581	2900	auto
707	2026-07-19T00:40:54Z	75000	120001000	2593	2900	auto
709	2026-07-19T00:40:56Z	75000	119093000	2577	2900	auto
711	2026-07-19T00:40:58Z	76000	119098000	2592	2900	auto
713	2026-07-19T00:41:00Z	75000	119095000	2581	2900	auto
715	2026-07-19T00:41:02Z	76000	120003000	2595	2900	auto
717	2026-07-19T00:41:04Z	76000	119096000	2588	2900	auto
719	2026-07-19T00:41:06Z	76000	119099000	2596	2900	auto
721	2026-07-19T00:41:08Z	75000	120000000	2586	2900	auto
723	2026-07-19T00:41:10Z	76000	120000000	2591	2900	auto
725	2026-07-19T00:41:12Z	76000	120001000	2584	2900	auto
727	2026-07-19T00:41:14Z	76000	119099000	2591	2900	auto
729	2026-07-19T00:41:16Z	76000	120004000	2584	2900	auto
731	2026-07-19T00:41:18Z	71000	119040000	2579	2900	auto
733	2026-07-19T00:41:20Z	76000	119098000	2588	2900	auto
735	2026-07-19T00:41:22Z	76000	120006000	2575	2900	auto
737	2026-07-19T00:41:24Z	76000	119099000	2592	2900	auto
739	2026-07-19T00:41:26Z	75000	119099000	2566	2900	auto
741	2026-07-19T00:41:28Z	76000	119099000	2594	2900	auto
743	2026-07-19T00:41:30Z	75000	119092000	2567	2900	auto
745	2026-07-19T00:41:32Z	75000	120000000	2591	2900	auto
747	2026-07-19T00:41:34Z	75000	119093000	2582	2900	auto
749	2026-07-19T00:41:36Z	76000	120008000	2594	2900	auto
751	2026-07-19T00:41:38Z	76000	119097000	2585	2900	auto
753	2026-07-19T00:41:40Z	75000	119097000	2593	2900	auto
755	2026-07-19T00:41:42Z	76000	120000000	2582	2900	auto
757	2026-07-19T00:41:44Z	77000	119097000	2592	2900	auto
759	2026-07-19T00:41:46Z	77000	120002000	2587	2900	auto
761	2026-07-19T00:41:48Z	76000	120000000	2591	2900	auto
763	2026-07-19T00:41:50Z	77000	119098000	2588	2900	auto
765	2026-07-19T00:41:52Z	76000	119099000	2595	2900	auto
767	2026-07-19T00:41:54Z	75000	120005000	2588	2900	auto
769	2026-07-19T00:41:56Z	75000	119099000	2592	2900	auto
771	2026-07-19T00:41:58Z	75000	119098000	2583	2900	auto
773	2026-07-19T00:42:00Z	75000	119098000	2590	2900	auto
775	2026-07-19T00:42:02Z	75000	119096000	2582	2900	auto
777	2026-07-19T00:42:04Z	76000	120017000	2582	2900	auto
779	2026-07-19T00:42:06Z	76000	120001000	2590	2900	auto
781	2026-07-19T00:42:08Z	76000	120002000	2575	2900	auto
783	2026-07-19T00:42:10Z	76000	120000000	2593	2900	auto
785	2026-07-19T00:42:12Z	76000	119098000	2577	2900	auto
787	2026-07-19T00:42:14Z	76000	120010000	2596	2900	auto
789	2026-07-19T00:42:16Z	76000	119093000	2575	2900	auto
791	2026-07-19T00:42:18Z	76000	120008000	2594	2900	auto
793	2026-07-19T00:42:20Z	75000	119090000	2572	2900	auto
795	2026-07-19T00:42:22Z	75000	119099000	2592	2900	auto
797	2026-07-19T00:42:24Z	76000	119098000	2579	2900	auto
799	2026-07-19T00:42:26Z	76000	119098000	2593	2900	auto
801	2026-07-19T00:42:28Z	76000	119098000	2578	2900	auto
803	2026-07-19T00:42:30Z	77000	119095000	2593	2900	auto
805	2026-07-19T00:42:33Z	75000	119098000	2580	2900	auto
808	2026-07-19T00:42:35Z	76000	120000000	2595	2900	auto
810	2026-07-19T00:42:37Z	76000	120002000	2588	2900	auto
812	2026-07-19T00:42:39Z	75000	119097000	2597	2900	auto
814	2026-07-19T00:42:41Z	76000	119097000	2591	2900	auto
816	2026-07-19T00:42:43Z	75000	119096000	2593	2900	auto
818	2026-07-19T00:42:45Z	75000	120003000	2583	2900	auto
820	2026-07-19T00:42:47Z	75000	120001000	2590	2900	auto
822	2026-07-19T00:42:49Z	76000	120007000	2586	2900	auto
824	2026-07-19T00:42:51Z	77000	120022000	2582	2900	auto
826	2026-07-19T00:42:53Z	76000	119096000	2585	2900	auto
828	2026-07-19T00:42:55Z	76000	120006000	2575	2900	auto
830	2026-07-19T00:42:57Z	76000	119096000	2595	2900	auto
832	2026-07-19T00:42:59Z	75000	120000000	2570	2900	auto
834	2026-07-19T00:43:01Z	75000	120001000	2593	2900	auto
836	2026-07-19T00:43:03Z	76000	120001000	2574	2900	auto
838	2026-07-19T00:43:05Z	75000	119099000	2592	2900	auto
840	2026-07-19T00:43:07Z	76000	119094000	2578	2900	auto
842	2026-07-19T00:43:09Z	77000	120005000	2591	2900	auto
844	2026-07-19T00:43:11Z	76000	120003000	2581	2900	auto
846	2026-07-19T00:43:13Z	76000	120001000	2591	2900	auto
848	2026-07-19T00:43:15Z	76000	120002000	2580	2900	auto
850	2026-07-19T00:43:17Z	75000	119097000	2592	2900	auto
852	2026-07-19T00:43:19Z	76000	119099000	2584	2900	auto
854	2026-07-19T00:43:21Z	76000	120002000	2593	2900	auto
856	2026-07-19T00:43:23Z	76000	119099000	2585	2900	auto
858	2026-07-19T00:43:25Z	75000	119099000	2593	2900	auto
860	2026-07-19T00:43:27Z	76000	119098000	2586	2900	auto
862	2026-07-19T00:43:29Z	75000	119098000	2593	2900	auto
864	2026-07-19T00:43:31Z	76000	120001000	2587	2900	auto
866	2026-07-19T00:43:33Z	75000	120005000	2587	2900	auto
868	2026-07-19T00:43:35Z	76000	120001000	2583	2900	auto
870	2026-07-19T00:43:37Z	77000	120009000	2579	2900	auto
872	2026-07-19T00:43:39Z	76000	119093000	2591	2900	auto
874	2026-07-19T00:43:41Z	75000	119092000	2573	2900	auto
876	2026-07-19T00:43:43Z	76000	120001000	2592	2900	auto
878	2026-07-19T00:43:45Z	76000	119095000	2577	2900	auto
880	2026-07-19T00:43:47Z	76000	119099000	2592	2900	auto
882	2026-07-19T00:43:49Z	76000	119095000	2579	2900	auto
884	2026-07-19T00:43:51Z	75000	120000000	2591	2900	auto
886	2026-07-19T00:43:53Z	76000	119094000	2579	2900	auto
888	2026-07-19T00:43:55Z	76000	120000000	2590	2900	auto
890	2026-07-19T00:43:57Z	76000	120004000	2576	2900	auto
892	2026-07-19T00:43:59Z	76000	119097000	2590	2900	auto
894	2026-07-19T00:44:01Z	76000	120002000	2583	2900	auto
896	2026-07-19T00:44:03Z	76000	120000000	2591	2900	auto
898	2026-07-19T00:44:05Z	76000	120005000	2584	2900	auto
900	2026-07-19T00:44:07Z	76000	119098000	2592	2900	auto
902	2026-07-19T00:44:09Z	75000	119098000	2584	2900	auto
904	2026-07-19T00:44:11Z	76000	120006000	2591	2900	auto
906	2026-07-19T00:44:13Z	75000	120000000	2582	2900	auto
909	2026-07-19T00:44:16Z	76000	120002000	2587	2900	auto
911	2026-07-19T00:44:18Z	75000	119081000	2585	2900	auto
913	2026-07-19T00:44:20Z	76000	120018000	2578	2900	auto
915	2026-07-19T00:44:22Z	76000	119088000	2588	2900	auto
917	2026-07-19T00:44:24Z	76000	119097000	2572	2900	auto
919	2026-07-19T00:44:26Z	76000	119096000	2591	2900	auto
921	2026-07-19T00:44:28Z	76000	119093000	2575	2900	auto
923	2026-07-19T00:44:30Z	76000	120001000	2593	2900	auto
925	2026-07-19T00:44:32Z	75000	119092000	2568	2900	auto
927	2026-07-19T00:44:34Z	76000	120004000	2590	2900	auto
929	2026-07-19T00:44:36Z	76000	120000000	2579	2900	auto
931	2026-07-19T00:44:38Z	75000	120001000	2592	2900	auto
933	2026-07-19T00:44:40Z	77000	119099000	2580	2900	auto
935	2026-07-19T00:44:42Z	76000	120004000	2591	2900	auto
937	2026-07-19T00:44:44Z	76000	119098000	2578	2900	auto
939	2026-07-19T00:44:46Z	76000	120000000	2590	2900	auto
941	2026-07-19T00:44:48Z	76000	120003000	2584	2900	auto
943	2026-07-19T00:44:50Z	75000	119096000	2592	2900	auto
945	2026-07-19T00:44:52Z	76000	120001000	2583	2900	auto
947	2026-07-19T00:44:54Z	76000	119097000	2590	2900	auto
949	2026-07-19T00:44:56Z	77000	119097000	2586	2900	auto
951	2026-07-19T00:44:58Z	76000	120000000	2592	2900	auto
953	2026-07-19T00:45:00Z	76000	120002000	2582	2900	auto
955	2026-07-19T00:45:02Z	76000	120001000	2589	2900	auto
957	2026-07-19T00:45:04Z	76000	119097000	2581	2900	auto
959	2026-07-19T00:45:06Z	77000	120027000	2579	2900	auto
961	2026-07-19T00:45:08Z	76000	119090000	2583	2900	auto
963	2026-07-19T00:45:10Z	76000	119098000	2571	2900	auto
965	2026-07-19T00:45:12Z	77000	120001000	2591	2900	auto
967	2026-07-19T00:45:14Z	77000	119090000	2571	2900	auto
969	2026-07-19T00:45:16Z	76000	119098000	2593	2900	auto
971	2026-07-19T00:45:18Z	76000	119095000	2576	2900	auto
973	2026-07-19T00:45:20Z	76000	120000000	2591	2900	auto
975	2026-07-19T00:45:22Z	76000	119096000	2574	2900	auto
977	2026-07-19T00:45:24Z	77000	120007000	2590	2900	auto
979	2026-07-19T00:45:26Z	76000	120000000	2577	2900	auto
981	2026-07-19T00:45:28Z	76000	119096000	2592	2900	auto
983	2026-07-19T00:45:30Z	77000	119096000	2580	2900	auto
985	2026-07-19T00:45:32Z	77000	119098000	2593	2900	auto
987	2026-07-19T00:45:34Z	77000	119096000	2586	2900	auto
989	2026-07-19T00:45:36Z	76000	119097000	2591	2900	auto
991	2026-07-19T00:45:38Z	76000	119097000	2585	2900	auto
993	2026-07-19T00:45:40Z	77000	119097000	2591	2900	auto
995	2026-07-19T00:45:42Z	76000	119098000	2582	2900	auto
997	2026-07-19T00:45:44Z	76000	120000000	2590	2900	auto
999	2026-07-19T00:45:46Z	75000	120000000	2583	2900	auto
1001	2026-07-19T00:45:48Z	76000	119098000	2587	2900	auto
1003	2026-07-19T00:45:50Z	76000	119085000	2584	2900	auto
1005	2026-07-19T00:45:52Z	76000	120012000	2581	2900	auto
1007	2026-07-19T00:45:54Z	76000	119091000	2588	2900	auto
1009	2026-07-19T00:45:57Z	76000	119091000	2573	2900	auto
1012	2026-07-19T00:45:59Z	76000	120000000	2592	2900	auto
1014	2026-07-19T00:46:01Z	76000	119097000	2577	2900	auto
1016	2026-07-19T00:46:03Z	77000	120000000	2591	2900	auto
1018	2026-07-19T00:46:05Z	76000	119094000	2576	2900	auto
1020	2026-07-19T00:46:07Z	76000	120003000	2591	2900	auto
1022	2026-07-19T00:46:09Z	76000	119095000	2575	2900	auto
1024	2026-07-19T00:46:11Z	76000	119099000	2590	2900	auto
1026	2026-07-19T00:46:13Z	76000	120002000	2579	2900	auto
1028	2026-07-19T00:46:15Z	76000	119096000	2591	2900	auto
1030	2026-07-19T00:46:17Z	77000	120004000	2582	2900	auto
1032	2026-07-19T00:46:19Z	76000	119096000	2590	2900	auto
1034	2026-07-19T00:46:21Z	76000	119096000	2583	2900	auto
1036	2026-07-19T00:46:23Z	77000	119099000	2592	2900	auto
1038	2026-07-19T00:46:25Z	76000	119098000	2583	2900	auto
1040	2026-07-19T00:46:27Z	76000	119099000	2591	2900	auto
1042	2026-07-19T00:46:29Z	76000	119099000	2586	2900	auto
1044	2026-07-19T00:46:31Z	76000	119099000	2590	2900	auto
1046	2026-07-19T00:46:33Z	76000	119098000	2581	2900	auto
1048	2026-07-19T00:46:35Z	76000	119096000	2586	2900	auto
1050	2026-07-19T00:46:37Z	77000	120000000	2585	2900	auto
1052	2026-07-19T00:46:39Z	76000	120009000	2576	2900	auto
1054	2026-07-19T00:46:41Z	77000	120000000	2587	2900	auto
1056	2026-07-19T00:46:43Z	76000	119095000	2572	2900	auto
1058	2026-07-19T00:46:45Z	76000	119097000	2590	2900	auto
1060	2026-07-19T00:46:47Z	76000	119094000	2570	2900	auto
1062	2026-07-19T00:46:49Z	76000	120001000	2590	2900	auto
1064	2026-07-19T00:46:51Z	76000	120001000	2564	2900	auto
1066	2026-07-19T00:46:53Z	76000	120000000	2589	2900	auto
1068	2026-07-19T00:46:55Z	76000	119092000	2582	2900	auto
1070	2026-07-19T00:46:57Z	76000	119099000	2592	2900	auto
1072	2026-07-19T00:46:59Z	76000	120004000	2575	2900	auto
1074	2026-07-19T00:47:01Z	77000	119096000	2590	2900	auto
1076	2026-07-19T00:47:03Z	77000	120003000	2578	2900	auto
1078	2026-07-19T00:47:05Z	76000	119099000	2589	2900	auto
1080	2026-07-19T00:47:07Z	77000	119097000	2583	2900	auto
1082	2026-07-19T00:47:09Z	77000	119098000	2592	2900	auto
1084	2026-07-19T00:47:11Z	77000	119098000	2580	2900	auto
1086	2026-07-19T00:47:13Z	77000	119098000	2590	2900	auto
1088	2026-07-19T00:47:15Z	77000	120006000	2582	2900	auto
1090	2026-07-19T00:47:17Z	77000	120005000	2590	2900	auto
1092	2026-07-19T00:47:19Z	77000	120002000	2584	2900	auto
1094	2026-07-19T00:47:21Z	76000	120000000	2588	2900	auto
1096	2026-07-19T00:47:23Z	76000	120000000	2583	2900	auto
1098	2026-07-19T00:47:25Z	76000	119043000	2580	2900	auto
1100	2026-07-19T00:47:27Z	77000	120003000	2583	2900	auto
1102	2026-07-19T00:47:29Z	77000	120011000	2572	2900	auto
1104	2026-07-19T00:47:31Z	76000	119091000	2588	2900	auto
1106	2026-07-19T00:47:33Z	76000	119093000	2570	2900	auto
1108	2026-07-19T00:47:35Z	77000	120002000	2591	2900	auto
1110	2026-07-19T00:47:37Z	76000	119094000	2574	2900	auto
1112	2026-07-19T00:47:39Z	76000	119099000	2591	2900	auto
1114	2026-07-19T00:47:42Z	76000	119090000	2578	2900	auto
1117	2026-07-19T00:47:44Z	77000	120001000	2590	2900	auto
1119	2026-07-19T00:47:46Z	76000	119096000	2578	2900	auto
1121	2026-07-19T00:47:48Z	76000	119098000	2591	2900	auto
1123	2026-07-19T00:47:50Z	77000	120003000	2580	2900	auto
1125	2026-07-19T00:47:52Z	77000	119098000	2589	2900	auto
1127	2026-07-19T00:47:54Z	77000	119098000	2581	2900	auto
1129	2026-07-19T00:47:56Z	77000	119095000	2589	2900	auto
1131	2026-07-19T00:47:58Z	77000	120003000	2580	2900	auto
1133	2026-07-19T00:48:00Z	77000	119096000	2591	2900	auto
1135	2026-07-19T00:48:02Z	77000	120002000	2583	2900	auto
1137	2026-07-19T00:48:04Z	77000	119098000	2589	2900	auto
1139	2026-07-19T00:48:06Z	76000	119098000	2584	2900	auto
1141	2026-07-19T00:48:08Z	76000	120001000	2589	2900	auto
1143	2026-07-19T00:48:10Z	77000	120006000	2582	2900	auto
1145	2026-07-19T00:48:12Z	78000	120015000	2579	2900	auto
1147	2026-07-19T00:48:14Z	77000	120001000	2583	2900	auto
1149	2026-07-19T00:48:16Z	77000	120001000	2573	2900	auto
1151	2026-07-19T00:48:18Z	77000	119097000	2588	2900	auto
1153	2026-07-19T00:48:20Z	76000	119092000	2573	2900	auto
1155	2026-07-19T00:48:22Z	76000	120000000	2593	2900	auto
1157	2026-07-19T00:48:24Z	76000	119094000	2577	2900	auto
1159	2026-07-19T00:48:26Z	76000	120001000	2590	2900	auto
1161	2026-07-19T00:48:28Z	76000	119095000	2578	2900	auto
1163	2026-07-19T00:48:30Z	76000	120003000	2590	2900	auto
1165	2026-07-19T00:48:32Z	76000	119095000	2575	2900	auto
1167	2026-07-19T00:48:34Z	77000	120004000	2589	2900	auto
1169	2026-07-19T00:48:36Z	77000	119096000	2571	2900	auto
1171	2026-07-19T00:48:38Z	77000	120000000	2589	2900	auto
1173	2026-07-19T00:48:40Z	77000	119095000	2579	2900	auto
1175	2026-07-19T00:48:42Z	77000	119097000	2591	2900	auto
1177	2026-07-19T00:48:44Z	77000	119096000	2586	2900	auto
1179	2026-07-19T00:48:46Z	77000	119099000	2592	2900	auto
1181	2026-07-19T00:48:48Z	76000	119095000	2579	2900	auto
1183	2026-07-19T00:48:50Z	76000	119097000	2589	2900	auto
1185	2026-07-19T00:48:52Z	76000	120005000	2585	2900	auto
1187	2026-07-19T00:48:54Z	76000	119099000	2589	2900	auto
1189	2026-07-19T00:48:56Z	76000	120002000	2583	2900	auto
1191	2026-07-19T00:48:58Z	76000	119057000	2580	2900	auto
1193	2026-07-19T00:49:00Z	77000	119096000	2582	2900	auto
1195	2026-07-19T00:49:02Z	77000	119098000	2572	2900	auto
1197	2026-07-19T00:49:04Z	77000	119094000	2590	2900	auto
1199	2026-07-19T00:49:06Z	76000	119091000	2569	2900	auto
1201	2026-07-19T00:49:08Z	77000	119099000	2590	2900	auto
1203	2026-07-19T00:49:10Z	77000	119096000	2569	2900	auto
1205	2026-07-19T00:49:12Z	77000	120004000	2588	2900	auto
1207	2026-07-19T00:49:14Z	76000	119098000	2571	2900	auto
1209	2026-07-19T00:49:16Z	77000	120005000	2586	2900	auto
1211	2026-07-19T00:49:18Z	76000	119097000	2573	2900	auto
1213	2026-07-19T00:49:20Z	77000	119098000	2587	2900	auto
1216	2026-07-19T00:49:23Z	77000	120004000	2574	2900	auto
1218	2026-07-19T00:49:25Z	77000	119097000	2588	2900	auto
1220	2026-07-19T00:49:27Z	76000	119096000	2575	2900	auto
1222	2026-07-19T00:49:29Z	77000	119097000	2589	2900	auto
1224	2026-07-19T00:49:31Z	77000	120002000	2582	2900	auto
1226	2026-07-19T00:49:33Z	77000	119099000	2591	2900	auto
1228	2026-07-19T00:49:35Z	77000	120006000	2583	2900	auto
1230	2026-07-19T00:49:37Z	77000	119098000	2590	2900	auto
1232	2026-07-19T00:49:39Z	77000	120006000	2583	2900	auto
1234	2026-07-19T00:49:41Z	77000	120004000	2587	2900	auto
1236	2026-07-19T00:49:43Z	77000	119099000	2582	2900	auto
1238	2026-07-19T00:49:45Z	78000	119066000	2580	2900	auto
1240	2026-07-19T00:49:47Z	78000	120001000	2583	2900	auto
1242	2026-07-19T00:49:49Z	77000	119096000	2571	2900	auto
1244	2026-07-19T00:49:51Z	77000	119094000	2589	2900	auto
1246	2026-07-19T00:49:53Z	77000	119094000	2570	2900	auto
1248	2026-07-19T00:49:55Z	77000	120001000	2590	2900	auto
1250	2026-07-19T00:49:57Z	76000	119098000	2574	2900	auto
1252	2026-07-19T00:49:59Z	77000	120006000	2589	2900	auto
1254	2026-07-19T00:50:01Z	77000	120001000	2573	2900	auto
1256	2026-07-19T00:50:03Z	77000	120000000	2589	2900	auto
1258	2026-07-19T00:50:05Z	77000	120003000	2575	2900	auto
1260	2026-07-19T00:50:07Z	77000	119099000	2588	2900	auto
1262	2026-07-19T00:50:09Z	77000	119093000	2577	2900	auto
1264	2026-07-19T00:50:11Z	77000	119097000	2588	2900	auto
1266	2026-07-19T00:50:13Z	77000	119097000	2579	2900	auto
1268	2026-07-19T00:50:15Z	77000	119098000	2588	2900	auto
1270	2026-07-19T00:50:17Z	77000	119094000	2576	2900	auto
1272	2026-07-19T00:50:19Z	77000	119098000	2590	2900	auto
1274	2026-07-19T00:50:21Z	77000	119099000	2581	2900	auto
1276	2026-07-19T00:50:23Z	77000	119097000	2590	2900	auto
1278	2026-07-19T00:50:25Z	76000	119097000	2580	2900	auto
1280	2026-07-19T00:50:27Z	76000	120002000	2583	2900	auto
1282	2026-07-19T00:50:29Z	76000	120000000	2579	2900	auto
1284	2026-07-19T00:50:31Z	79000	119073000	2579	2900	auto
1286	2026-07-19T00:50:33Z	77000	119096000	2584	2900	auto
1288	2026-07-19T00:50:35Z	77000	119095000	2570	2900	auto
1290	2026-07-19T00:50:37Z	77000	119090000	2589	2900	auto
1292	2026-07-19T00:50:39Z	76000	120007000	2557	2900	auto
1294	2026-07-19T00:50:41Z	77000	120013000	2586	2900	auto
1296	2026-07-19T00:50:43Z	77000	119096000	2571	2900	auto
1298	2026-07-19T00:50:45Z	77000	120000000	2589	2900	auto
1300	2026-07-19T00:50:47Z	77000	119096000	2575	2900	auto
1302	2026-07-19T00:50:49Z	76000	119099000	2589	2900	auto
1304	2026-07-19T00:50:51Z	77000	120000000	2577	2900	auto
1306	2026-07-19T00:50:53Z	78000	120003000	2587	2900	auto
1308	2026-07-19T00:50:55Z	77000	120003000	2577	2900	auto
1310	2026-07-19T00:50:57Z	77000	119099000	2588	2900	auto
1312	2026-07-19T00:50:59Z	77000	119094000	2580	2900	auto
1314	2026-07-19T00:51:01Z	77000	119098000	2589	2900	auto
1316	2026-07-19T00:51:03Z	77000	120004000	2583	2900	auto
1318	2026-07-19T00:51:06Z	77000	119099000	2590	2900	auto
1321	2026-07-19T00:51:08Z	77000	119098000	2581	2900	auto
1323	2026-07-19T00:51:10Z	76000	119097000	2587	2900	auto
1325	2026-07-19T00:51:12Z	76000	120000000	2582	2900	auto
1327	2026-07-19T00:51:14Z	77000	119098000	2585	2900	auto
1329	2026-07-19T00:51:16Z	78000	119094000	2581	2900	auto
1331	2026-07-19T00:51:18Z	77000	120005000	2571	2900	auto
1333	2026-07-19T00:51:20Z	76000	119090000	2586	2900	auto
1335	2026-07-19T00:51:22Z	77000	119096000	2565	2900	auto
1337	2026-07-19T00:51:24Z	77000	119097000	2589	2900	auto
1339	2026-07-19T00:51:26Z	77000	119095000	2562	2900	auto
1341	2026-07-19T00:51:28Z	77000	120005000	2588	2900	auto
1343	2026-07-19T00:51:30Z	77000	119096000	2574	2900	auto
1345	2026-07-19T00:51:32Z	78000	120004000	2588	2900	auto
1347	2026-07-19T00:51:34Z	77000	120006000	2575	2900	auto
1349	2026-07-19T00:51:36Z	77000	120007000	2588	2900	auto
1351	2026-07-19T00:51:38Z	77000	120002000	2576	2900	auto
1353	2026-07-19T00:51:40Z	77000	119097000	2586	2900	auto
1355	2026-07-19T00:51:42Z	77000	119098000	2578	2900	auto
1357	2026-07-19T00:51:44Z	77000	119095000	2587	2900	auto
1359	2026-07-19T00:51:46Z	77000	119099000	2580	2900	auto
1361	2026-07-19T00:51:48Z	78000	119098000	2590	2900	auto
1363	2026-07-19T00:51:50Z	78000	119099000	2582	2900	auto
1365	2026-07-19T00:51:52Z	78000	119099000	2586	2900	auto
1367	2026-07-19T00:51:54Z	77000	120009000	2581	2900	auto
1369	2026-07-19T00:51:56Z	77000	120009000	2586	2900	auto
1371	2026-07-19T00:51:58Z	77000	119098000	2580	2900	auto
1373	2026-07-19T00:52:00Z	78000	120009000	2586	2900	auto
1375	2026-07-19T00:52:02Z	76000	119098000	2580	2900	auto
1377	2026-07-19T00:52:04Z	78000	120011000	2573	2900	auto
1379	2026-07-19T00:52:06Z	77000	119093000	2583	2900	auto
1381	2026-07-19T00:52:08Z	77000	120006000	2571	2900	auto
1383	2026-07-19T00:52:10Z	77000	119093000	2584	2900	auto
1385	2026-07-19T00:52:12Z	77000	119097000	2565	2900	auto
1387	2026-07-19T00:52:14Z	77000	120000000	2588	2900	auto
1389	2026-07-19T00:52:16Z	77000	120004000	2570	2900	auto
1391	2026-07-19T00:52:18Z	78000	120007000	2587	2900	auto
1393	2026-07-19T00:52:20Z	77000	120003000	2575	2900	auto
1395	2026-07-19T00:52:22Z	77000	120000000	2588	2900	auto
1397	2026-07-19T00:52:24Z	77000	119097000	2576	2900	auto
1399	2026-07-19T00:52:26Z	77000	119096000	2584	2900	auto
1401	2026-07-19T00:52:28Z	77000	119099000	2577	2900	auto
1403	2026-07-19T00:52:30Z	77000	119096000	2589	2900	auto
1405	2026-07-19T00:52:32Z	78000	120000000	2579	2900	auto
1407	2026-07-19T00:52:34Z	78000	119098000	2590	2900	auto
1409	2026-07-19T00:52:36Z	77000	120000000	2579	2900	auto
1411	2026-07-19T00:52:38Z	77000	119097000	2590	2900	auto
1413	2026-07-19T00:52:40Z	77000	120002000	2580	2900	auto
1415	2026-07-19T00:52:42Z	77000	119098000	2586	2900	auto
1417	2026-07-19T00:52:44Z	77000	120000000	2582	2900	auto
1419	2026-07-19T00:52:46Z	77000	119098000	2584	2900	auto
1422	2026-07-19T00:52:49Z	78000	120001000	2580	2900	auto
1424	2026-07-19T00:52:51Z	77000	120016000	2574	2900	auto
1426	2026-07-19T00:52:53Z	78000	120003000	2582	2900	auto
1428	2026-07-19T00:52:55Z	77000	120003000	2571	2900	auto
1430	2026-07-19T00:52:57Z	77000	120002000	2586	2900	auto
1432	2026-07-19T00:52:59Z	77000	119091000	2572	2900	auto
1434	2026-07-19T00:53:01Z	78000	119099000	2588	2900	auto
1436	2026-07-19T00:53:03Z	77000	120007000	2571	2900	auto
1438	2026-07-19T00:53:05Z	77000	119099000	2588	2900	auto
1440	2026-07-19T00:53:07Z	77000	120001000	2570	2900	auto
1442	2026-07-19T00:53:09Z	77000	119098000	2587	2900	auto
1444	2026-07-19T00:53:11Z	77000	120000000	2574	2900	auto
1446	2026-07-19T00:53:13Z	77000	120000000	2587	2900	auto
1448	2026-07-19T00:53:15Z	77000	120000000	2577	2900	auto
1450	2026-07-19T00:53:17Z	78000	120005000	2588	2900	auto
1452	2026-07-19T00:53:19Z	77000	119097000	2576	2900	auto
1454	2026-07-19T00:53:21Z	78000	119097000	2589	2900	auto
1456	2026-07-19T00:53:23Z	78000	119099000	2582	2900	auto
1458	2026-07-19T00:53:25Z	77000	119099000	2586	2900	auto
1460	2026-07-19T00:53:27Z	78000	119099000	2581	2900	auto
1462	2026-07-19T00:53:29Z	78000	120007000	2589	2900	auto
1464	2026-07-19T00:53:31Z	77000	119096000	2581	2900	auto
1466	2026-07-19T00:53:33Z	77000	120007000	2587	2900	auto
1468	2026-07-19T00:53:35Z	77000	120002000	2581	2900	auto
1470	2026-07-19T00:53:37Z	79000	119077000	2583	2900	auto
1472	2026-07-19T00:53:39Z	77000	119098000	2583	2900	auto
1474	2026-07-19T00:53:41Z	77000	120008000	2569	2900	auto
1476	2026-07-19T00:53:43Z	77000	119096000	2588	2900	auto
1478	2026-07-19T00:53:45Z	77000	120001000	2571	2900	auto
1480	2026-07-19T00:53:47Z	77000	120003000	2592	2900	auto
1482	2026-07-19T00:53:49Z	76000	119091000	2564	2900	auto
1484	2026-07-19T00:53:51Z	77000	120003000	2589	2900	auto
1486	2026-07-19T00:53:53Z	77000	119094000	2571	2900	auto
1488	2026-07-19T00:53:55Z	77000	119097000	2589	2900	auto
1490	2026-07-19T00:53:57Z	77000	119098000	2578	2900	auto
1492	2026-07-19T00:53:59Z	76000	120002000	2591	2900	auto
1494	2026-07-19T00:54:01Z	76000	119094000	2575	2900	auto
1496	2026-07-19T00:54:03Z	76000	120004000	2590	2900	auto
1498	2026-07-19T00:54:05Z	77000	120002000	2579	2900	auto
1500	2026-07-19T00:54:07Z	77000	119097000	2590	2900	auto
1502	2026-07-19T00:54:09Z	76000	119096000	2579	2900	auto
1504	2026-07-19T00:54:11Z	76000	119097000	2590	2900	auto
1506	2026-07-19T00:54:13Z	77000	119099000	2584	2900	auto
1508	2026-07-19T00:54:15Z	76000	120000000	2591	2900	auto
1510	2026-07-19T00:54:17Z	76000	120004000	2583	2900	auto
1512	2026-07-19T00:54:19Z	76000	119098000	2591	2900	auto
1514	2026-07-19T00:54:21Z	76000	120000000	2585	2900	auto
1516	2026-07-19T00:54:23Z	76000	120002000	2588	2900	auto
1518	2026-07-19T00:54:25Z	77000	119099000	2585	2900	auto
1520	2026-07-19T00:54:27Z	76000	120001000	2576	2900	auto
1522	2026-07-19T00:54:29Z	77000	119093000	2592	2900	auto
1524	2026-07-19T00:54:32Z	76000	119096000	2575	2900	auto
1527	2026-07-19T00:54:34Z	76000	120008000	2592	2900	auto
1529	2026-07-19T00:54:36Z	76000	119098000	2579	2900	auto
1531	2026-07-19T00:54:38Z	76000	119098000	2592	2900	auto
1533	2026-07-19T00:54:40Z	76000	120004000	2581	2900	auto
1535	2026-07-19T00:54:42Z	76000	120006000	2591	2900	auto
1537	2026-07-19T00:54:44Z	76000	119097000	2581	2900	auto
1539	2026-07-19T00:54:46Z	76000	119099000	2592	2900	auto
1541	2026-07-19T00:54:48Z	76000	119098000	2576	2900	auto
1543	2026-07-19T00:54:50Z	76000	119096000	2592	2900	auto
1545	2026-07-19T00:54:52Z	77000	120002000	2586	2900	auto
1547	2026-07-19T00:54:54Z	76000	120000000	2592	2900	auto
1549	2026-07-19T00:54:56Z	76000	119098000	2587	2900	auto
1551	2026-07-19T00:54:58Z	76000	119099000	2591	2900	auto
1553	2026-07-19T00:55:00Z	76000	120006000	2585	2900	auto
1555	2026-07-19T00:55:02Z	76000	119099000	2592	2900	auto
1557	2026-07-19T00:55:04Z	75000	120000000	2585	2900	auto
1559	2026-07-19T00:55:06Z	75000	120001000	2591	2900	auto
1561	2026-07-19T00:55:08Z	75000	120000000	2584	2900	auto
1563	2026-07-19T00:55:10Z	78000	120003000	2587	2900	auto
1565	2026-07-19T00:55:12Z	76000	119092000	2590	2900	auto
1567	2026-07-19T00:55:14Z	76000	120015000	2576	2900	auto
1569	2026-07-19T00:55:16Z	76000	119088000	2595	2900	auto
1571	2026-07-19T00:55:18Z	76000	119092000	2575	2900	auto
1573	2026-07-19T00:55:20Z	75000	120000000	2593	2900	auto
1575	2026-07-19T00:55:22Z	75000	119095000	2580	2900	auto
1577	2026-07-19T00:55:24Z	75000	119099000	2597	2900	auto
1579	2026-07-19T00:55:26Z	76000	119096000	2582	2900	auto
1581	2026-07-19T00:55:28Z	75000	120006000	2594	2900	auto
1583	2026-07-19T00:55:30Z	75000	120003000	2581	2900	auto
1585	2026-07-19T00:55:32Z	75000	119098000	2595	2900	auto
1587	2026-07-19T00:55:34Z	75000	119095000	2584	2900	auto
1589	2026-07-19T00:55:36Z	75000	119099000	2594	2900	auto
1591	2026-07-19T00:55:38Z	75000	119095000	2586	2900	auto
1593	2026-07-19T00:55:40Z	75000	119097000	2594	2900	auto
1595	2026-07-19T00:55:42Z	75000	119098000	2589	2900	auto
1597	2026-07-19T00:55:44Z	75000	119097000	2597	2900	auto
1599	2026-07-19T00:55:46Z	75000	119096000	2588	2900	auto
1601	2026-07-19T00:55:48Z	75000	120006000	2594	2900	auto
1603	2026-07-19T00:55:50Z	75000	120004000	2593	2900	auto
1605	2026-07-19T00:55:52Z	75000	119098000	2595	2900	auto
1607	2026-07-19T00:55:54Z	74000	119097000	2587	2900	auto
1609	2026-07-19T00:55:56Z	77000	119098000	2589	2900	auto
1611	2026-07-19T00:55:58Z	75000	120006000	2592	2900	auto
1613	2026-07-19T00:56:00Z	75000	120004000	2583	2900	auto
1615	2026-07-19T00:56:02Z	75000	119089000	2598	2900	auto
1617	2026-07-19T00:56:04Z	75000	120002000	2581	2900	auto
1619	2026-07-19T00:56:06Z	75000	120007000	2600	2900	auto
1621	2026-07-19T00:56:08Z	75000	119097000	2585	2900	auto
1623	2026-07-19T00:56:10Z	75000	120007000	2596	2900	auto
1625	2026-07-19T00:56:12Z	75000	119095000	2575	2900	auto
1627	2026-07-19T00:56:15Z	75000	119099000	2597	2900	auto
1630	2026-07-19T00:56:17Z	75000	119097000	2587	2900	auto
1632	2026-07-19T00:56:19Z	74000	119098000	2596	2900	auto
1634	2026-07-19T00:56:21Z	74000	119095000	2590	2900	auto
1636	2026-07-19T00:56:23Z	75000	119096000	2599	2900	auto
1638	2026-07-19T00:56:25Z	74000	120003000	2591	2900	auto
1640	2026-07-19T00:56:27Z	75000	120000000	2599	2900	auto
1642	2026-07-19T00:56:29Z	74000	119098000	2593	2900	auto
1644	2026-07-19T00:56:31Z	74000	119097000	2598	2900	auto
1646	2026-07-19T00:56:33Z	75000	120008000	2590	2900	auto
1648	2026-07-19T00:56:35Z	73000	119097000	2596	2900	auto
1650	2026-07-19T00:56:37Z	75000	119094000	2594	2900	auto
1652	2026-07-19T00:56:39Z	74000	120012000	2580	2900	auto
1654	2026-07-19T00:56:41Z	74000	119091000	2596	2900	auto
1656	2026-07-19T00:56:43Z	74000	120000000	2569	2900	auto
1658	2026-07-19T00:56:45Z	74000	120001000	2598	2900	auto
1660	2026-07-19T00:56:47Z	74000	119096000	2588	2900	auto
1662	2026-07-19T00:56:49Z	74000	120007000	2602	2900	auto
1664	2026-07-19T00:56:51Z	73000	119096000	2578	2900	auto
1666	2026-07-19T00:56:53Z	74000	120008000	2600	2900	auto
1668	2026-07-19T00:56:55Z	74000	119095000	2589	2900	auto
1670	2026-07-19T00:56:57Z	74000	119096000	2601	2900	auto
1672	2026-07-19T00:56:59Z	74000	119098000	2585	2900	auto
1674	2026-07-19T00:57:01Z	74000	119097000	2598	2900	auto
1676	2026-07-19T00:57:03Z	74000	119097000	2583	2900	auto
1678	2026-07-19T00:57:05Z	74000	120003000	2599	2900	auto
1680	2026-07-19T00:57:07Z	74000	120007000	2593	2900	auto
1682	2026-07-19T00:57:09Z	74000	119098000	2602	2900	auto
1684	2026-07-19T00:57:11Z	74000	120001000	2593	2900	auto
1686	2026-07-19T00:57:13Z	73000	119099000	2599	2900	auto
1688	2026-07-19T00:57:15Z	73000	120000000	2593	2900	auto
1690	2026-07-19T00:57:17Z	73000	119099000	2597	2900	auto
1692	2026-07-19T00:57:19Z	73000	119097000	2589	2900	auto
1694	2026-07-19T00:57:21Z	75000	120019000	2588	2900	auto
1696	2026-07-19T00:57:23Z	74000	119092000	2593	2900	auto
1698	2026-07-19T00:57:25Z	74000	120005000	2582	2900	auto
1700	2026-07-19T00:57:27Z	74000	119099000	2601	2900	auto
1702	2026-07-19T00:57:29Z	73000	120000000	2587	2900	auto
1704	2026-07-19T00:57:31Z	73000	120006000	2604	2900	auto
1706	2026-07-19T00:57:33Z	73000	119091000	2577	2900	auto
1708	2026-07-19T00:57:35Z	74000	120006000	2602	2900	auto
1710	2026-07-19T00:57:37Z	73000	119095000	2586	2900	auto
1712	2026-07-19T00:57:39Z	73000	119098000	2601	2900	auto
1714	2026-07-19T00:57:41Z	72000	119093000	2586	2900	auto
1716	2026-07-19T00:57:43Z	74000	119099000	2601	2900	auto
1718	2026-07-19T00:57:45Z	73000	119096000	2588	2900	auto
1720	2026-07-19T00:57:47Z	75000	120002000	2603	2900	auto
1722	2026-07-19T00:57:49Z	73000	119095000	2590	2900	auto
1724	2026-07-19T00:57:51Z	73000	119099000	2601	2900	auto
1726	2026-07-19T00:57:53Z	73000	119096000	2594	2900	auto
1728	2026-07-19T00:57:55Z	72000	119098000	2601	2900	auto
1731	2026-07-19T00:57:58Z	73000	120000000	2591	2900	auto
1733	2026-07-19T00:58:00Z	73000	119098000	2598	2900	auto
1735	2026-07-19T00:58:02Z	72000	119089000	2596	2900	auto
1737	2026-07-19T00:58:04Z	73000	120016000	2587	2900	auto
1739	2026-07-19T00:58:06Z	73000	119096000	2601	2900	auto
1741	2026-07-19T00:58:08Z	73000	120001000	2574	2900	auto
1743	2026-07-19T00:58:10Z	73000	119099000	2604	2900	auto
1745	2026-07-19T00:58:12Z	73000	119096000	2580	2900	auto
1747	2026-07-19T00:58:14Z	73000	120000000	2603	2900	auto
1749	2026-07-19T00:58:16Z	72000	120001000	2585	2900	auto
1751	2026-07-19T00:58:18Z	73000	119098000	2603	2900	auto
1753	2026-07-19T00:58:20Z	73000	119094000	2583	2900	auto
1755	2026-07-19T00:58:22Z	73000	120004000	2600	2900	auto
1757	2026-07-19T00:58:24Z	73000	120003000	2586	2900	auto
1759	2026-07-19T00:58:26Z	73000	120000000	2602	2900	auto
1761	2026-07-19T00:58:28Z	72000	119097000	2584	2900	auto
1763	2026-07-19T00:58:30Z	73000	119099000	2601	2900	auto
1765	2026-07-19T00:58:32Z	73000	119097000	2597	2900	auto
1767	2026-07-19T00:58:34Z	73000	119097000	2606	2900	auto
1769	2026-07-19T00:58:36Z	73000	119099000	2595	2900	auto
1771	2026-07-19T00:58:38Z	72000	119097000	2602	2900	auto
1773	2026-07-19T00:58:40Z	73000	119098000	2595	2900	auto
1775	2026-07-19T00:58:42Z	72000	119099000	2600	2900	auto
1777	2026-07-19T00:58:44Z	73000	120005000	2593	2900	auto
1779	2026-07-19T00:58:46Z	73000	120013000	2591	2900	auto
1781	2026-07-19T00:58:48Z	73000	119092000	2598	2900	auto
1783	2026-07-19T00:58:50Z	72000	120015000	2580	2900	auto
1785	2026-07-19T00:58:52Z	73000	119095000	2604	2900	auto
1787	2026-07-19T00:58:54Z	73000	119093000	2584	2900	auto
1789	2026-07-19T00:58:56Z	72000	120001000	2604	2900	auto
1791	2026-07-19T00:58:58Z	72000	119098000	2590	2900	auto
1793	2026-07-19T00:59:00Z	72000	120000000	2604	2900	auto
1795	2026-07-19T00:59:02Z	72000	120004000	2589	2900	auto
1797	2026-07-19T00:59:04Z	72000	120005000	2605	2900	auto
1799	2026-07-19T00:59:06Z	72000	119099000	2597	2900	auto
1801	2026-07-19T00:59:08Z	71000	119093000	2605	2900	auto
1803	2026-07-19T00:59:10Z	72000	119096000	2599	2900	auto
1805	2026-07-19T00:59:12Z	72000	120002000	2605	2900	auto
1807	2026-07-19T00:59:14Z	72000	119098000	2594	2900	auto
1809	2026-07-19T00:59:16Z	72000	119099000	2605	2900	auto
1811	2026-07-19T00:59:18Z	72000	120004000	2600	2900	auto
1813	2026-07-19T00:59:20Z	72000	120008000	2605	2900	auto
1815	2026-07-19T00:59:22Z	72000	119099000	2599	2900	auto
1817	2026-07-19T00:59:24Z	72000	119097000	2603	2900	auto
1819	2026-07-19T00:59:26Z	72000	119084000	2600	2900	auto
1821	2026-07-19T00:59:28Z	72000	120025000	2585	2900	auto
1823	2026-07-19T00:59:30Z	72000	119097000	2600	2900	auto
1825	2026-07-19T00:59:32Z	72000	120002000	2583	2900	auto
1827	2026-07-19T00:59:34Z	72000	119099000	2609	2900	auto
1829	2026-07-19T00:59:36Z	72000	120002000	2588	2900	auto
1831	2026-07-19T00:59:39Z	72000	120001000	2607	2900	auto
1834	2026-07-19T00:59:41Z	72000	119095000	2582	2900	auto
1836	2026-07-19T00:59:43Z	72000	120000000	2605	2900	auto
1838	2026-07-19T00:59:45Z	71000	119095000	2593	2900	auto
1840	2026-07-19T00:59:47Z	72000	119097000	2606	2900	auto
1842	2026-07-19T00:59:49Z	72000	120002000	2594	2900	auto
1844	2026-07-19T00:59:51Z	71000	119097000	2605	2900	auto
1846	2026-07-19T00:59:53Z	73000	119094000	2592	2900	auto
1848	2026-07-19T00:59:55Z	71000	119097000	2605	2900	auto
1850	2026-07-19T00:59:57Z	72000	119099000	2598	2900	auto
1852	2026-07-19T00:59:59Z	72000	120006000	2606	2900	auto
