timestamp,power1_average_uw,temp1_input_mc,freq1_input_hz,gpu_busy_percent
2026-07-10T01:52:03.649782492+02:00,37057000,54000,2900000000,1
2026-07-10T01:52:04.655224380+02:00,46006000,54000,2900000000,1
2026-07-10T01:52:05.661685892+02:00,51094000,54000,2900000000,1
2026-07-10T01:52:06.667355776+02:00,49011000,54000,2900000000,1
2026-07-10T01:52:07.673285969+02:00,48026000,54000,2900000000,1
2026-07-10T01:52:08.677719754+02:00,47054000,54000,2900000000,1
2026-07-10T01:52:09.683592736+02:00,47051000,54000,2900000000,1
2026-07-10T01:52:10.689159087+02:00,48011000,53000,2900000000,1
2026-07-10T01:52:11.697094284+02:00,86072000,54000,2900000000,1
2026-07-10T01:52:12.709710310+02:00,107063000,54000,2900000000,1
2026-07-10T01:52:13.721545047+02:00,115028000,54000,2900000000,1
2026-07-10T01:52:14.730609704+02:00,116082000,54000,2900000000,1
2026-07-10T01:52:15.742907307+02:00,117082000,55000,2900000000,1
2026-07-10T01:52:16.752234107+02:00,117074000,55000,2900000000,1
2026-07-10T01:52:17.766495493+02:00,116010000,55000,2900000000,1
2026-07-10T01:52:18.774865813+02:00,118058000,55000,2900000000,1
2026-07-10T01:52:19.788410426+02:00,119042000,55000,2900000000,1
2026-07-10T01:52:20.800310833+02:00,119083000,55000,2900000000,1
2026-07-10T01:52:21.813038739+02:00,119081000,55000,2900000000,1
2026-07-10T01:52:22.826608723+02:00,119075000,56000,2900000000,1
2026-07-10T01:52:23.838003761+02:00,119066000,56000,2900000000,1
2026-07-10T01:52:24.852520929+02:00,119088000,56000,2900000000,1
2026-07-10T01:52:25.863505875+02:00,119097000,55000,2900000000,1
2026-07-10T01:52:26.879555721+02:00,119097000,56000,2900000000,1
2026-07-10T01:52:27.891387926+02:00,119099000,56000,2900000000,1
2026-07-10T01:52:28.902776402+02:00,120000000,56000,2900000000,1
2026-07-10T01:52:29.914990283+02:00,120003000,56000,2900000000,1
2026-07-10T01:52:30.926778682+02:00,120004000,56000,2900000000,1
2026-07-10T01:52:31.935585988+02:00,119097000,56000,2900000000,1
2026-07-10T01:52:32.945105007+02:00,119098000,57000,2900000000,1
2026-07-10T01:52:33.953312140+02:00,119093000,56000,2900000000,1
2026-07-10T01:52:34.961311405+02:00,118068000,57000,2900000000,1
2026-07-10T01:52:35.967815546+02:00,118083000,57000,2900000000,1
2026-07-10T01:52:36.977091039+02:00,119046000,57000,2900000000,1
2026-07-10T01:52:37.986467489+02:00,119062000,57000,2900000000,1
2026-07-10T01:52:38.995366807+02:00,119024000,57000,2900000000,1
2026-07-10T01:52:40.002949147+02:00,119072000,57000,2900000000,1
2026-07-10T01:52:41.010943344+02:00,119023000,58000,2900000000,1
2026-07-10T01:52:42.018270305+02:00,119072000,58000,2900000000,1
2026-07-10T01:52:43.032817554+02:00,119090000,58000,2900000000,1
2026-07-10T01:52:44.044072982+02:00,119096000,58000,2900000000,1
2026-07-10T01:52:45.058522791+02:00,119097000,57000,2900000000,1
2026-07-10T01:52:46.070838223+02:00,119099000,58000,2900000000,1
2026-07-10T01:52:47.081734850+02:00,120000000,58000,2900000000,1
2026-07-10T01:52:48.093876823+02:00,119098000,58000,2900000000,1
2026-07-10T01:52:49.105371129+02:00,119099000,57000,2900000000,1
2026-07-10T01:52:50.118765123+02:00,120002000,57000,2900000000,1
2026-07-10T01:52:51.128272732+02:00,120001000,57000,2900000000,1
2026-07-10T01:52:52.138473808+02:00,120002000,57000,2900000000,1
2026-07-10T01:52:53.150177635+02:00,120007000,58000,2900000000,1
2026-07-10T01:52:54.162205987+02:00,120002000,58000,2900000000,1
2026-07-10T01:52:55.171734197+02:00,119095000,58000,2900000000,1
2026-07-10T01:52:56.180389900+02:00,119099000,59000,2900000000,1
2026-07-10T01:52:57.189322565+02:00,120006000,58000,2900000000,1
2026-07-10T01:52:58.198743386+02:00,120006000,59000,2900000000,1
2026-07-10T01:52:59.209273136+02:00,119099000,58000,2900000000,1
2026-07-10T01:53:00.221053634+02:00,119084000,59000,2900000000,1
2026-07-10T01:53:01.229603230+02:00,119071000,59000,2900000000,1
2026-07-10T01:53:02.239749892+02:00,119092000,59000,2900000000,1
2026-07-10T01:53:03.251170937+02:00,119089000,59000,2900000000,1
2026-07-10T01:53:04.260710380+02:00,120003000,58000,2900000000,1
2026-07-10T01:53:05.269648447+02:00,119091000,59000,2900000000,1
2026-07-10T01:53:06.279853412+02:00,119098000,58000,2900000000,1
2026-07-10T01:53:07.288656465+02:00,119096000,58000,2900000000,1
2026-07-10T01:53:08.298328799+02:00,120003000,59000,2900000000,1
2026-07-10T01:53:09.309626724+02:00,119096000,59000,2900000000,1
2026-07-10T01:53:10.319513949+02:00,119081000,59000,2900000000,1
2026-07-10T01:53:11.329520377+02:00,119034000,59000,2900000000,1
2026-07-10T01:53:12.336251387+02:00,119018000,59000,2900000000,1
2026-07-10T01:53:13.343406245+02:00,119057000,59000,2900000000,1
2026-07-10T01:53:14.354190326+02:00,119082000,59000,2900000000,1
2026-07-10T01:53:15.363783025+02:00,119097000,59000,2900000000,1
2026-07-10T01:53:16.374317006+02:00,119097000,59000,2900000000,1
2026-07-10T01:53:17.386077647+02:00,119099000,60000,2900000000,1
2026-07-10T01:53:18.399305379+02:00,119097000,60000,2900000000,1
2026-07-10T01:53:19.411176428+02:00,119099000,59000,2900000000,1
2026-07-10T01:53:20.422395520+02:00,119099000,60000,2900000000,1
2026-07-10T01:53:21.429886437+02:00,120002000,59000,2900000000,1
2026-07-10T01:53:22.440853176+02:00,120001000,59000,2900000000,1
2026-07-10T01:53:23.453529891+02:00,119097000,60000,2900000000,1
2026-07-10T01:53:24.465252368+02:00,120001000,60000,2900000000,1
2026-07-10T01:53:25.476882154+02:00,119099000,60000,2900000000,1
2026-07-10T01:53:26.487749710+02:00,120015000,60000,2900000000,1
2026-07-10T01:53:27.498414839+02:00,120009000,60000,2900000000,1
2026-07-10T01:53:28.511810571+02:00,119097000,60000,2900000000,1
2026-07-10T01:53:29.523447562+02:00,120007000,60000,2900000000,1
2026-07-10T01:53:30.534991180+02:00,119097000,60000,2900000000,1
2026-07-10T01:53:31.542457411+02:00,120006000,60000,2900000000,1
2026-07-10T01:53:32.553650043+02:00,119090000,60000,2900000000,1
2026-07-10T01:53:33.563716893+02:00,119095000,60000,2900000000,1
2026-07-10T01:53:34.574386010+02:00,120000000,60000,2900000000,1
2026-07-10T01:53:35.584614126+02:00,119084000,60000,2900000000,1
2026-07-10T01:53:36.596036107+02:00,119076000,60000,2900000000,1
2026-07-10T01:53:37.604816219+02:00,119037000,60000,2900000000,1
2026-07-10T01:53:38.612634299+02:00,119028000,60000,2900000000,1
2026-07-10T01:53:39.623622271+02:00,119070000,61000,2900000000,1
2026-07-10T01:53:40.634577149+02:00,119094000,61000,2900000000,1
2026-07-10T01:53:41.644740468+02:00,119093000,60000,2900000000,1
2026-07-10T01:53:42.656247497+02:00,119099000,60000,2900000000,1
2026-07-10T01:53:43.665930366+02:00,120008000,60000,2900000000,1
2026-07-10T01:53:44.672686559+02:00,120004000,61000,2900000000,1
2026-07-10T01:53:45.684020459+02:00,118052000,61000,2900000000,1
2026-07-10T01:53:46.690894653+02:00,119048000,60000,2900000000,1
2026-07-10T01:53:47.700863773+02:00,119075000,61000,2900000000,1
2026-07-10T01:53:48.709045376+02:00,119068000,61000,2900000000,1
2026-07-10T01:53:49.715911775+02:00,118082000,61000,2900000000,1
2026-07-10T01:53:50.730515344+02:00,118059000,61000,2900000000,1
2026-07-10T01:53:51.736983564+02:00,116031000,60000,2900000000,1
2026-07-10T01:53:52.742027538+02:00,115041000,61000,2900000000,1
2026-07-10T01:53:53.748757320+02:00,116098000,60000,2900000000,1
2026-07-10T01:53:54.757977626+02:00,118059000,61000,2900000000,1
2026-07-10T01:53:55.772046619+02:00,119049000,61000,2900000000,1
2026-07-10T01:53:56.784903330+02:00,119080000,61000,2900000000,1
2026-07-10T01:53:57.798742003+02:00,119093000,61000,2900000000,1
2026-07-10T01:53:58.810145541+02:00,120009000,61000,2900000000,1
2026-07-10T01:53:59.825771671+02:00,119098000,61000,2900000000,1
2026-07-10T01:54:00.840045836+02:00,120000000,61000,2900000000,1
2026-07-10T01:54:01.850992070+02:00,120002000,61000,2900000000,1
2026-07-10T01:54:02.862084940+02:00,119098000,61000,2900000000,1
2026-07-10T01:54:03.874480510+02:00,119099000,61000,2900000000,1
2026-07-10T01:54:04.886042008+02:00,119098000,61000,2900000000,1
2026-07-10T01:54:05.900262559+02:00,120000000,61000,2900000000,1
2026-07-10T01:54:06.915875254+02:00,120004000,61000,2900000000,1
2026-07-10T01:54:07.955334388+02:00,120000000,61000,2900000000,1
2026-07-10T01:54:08.970620935+02:00,120005000,61000,2900000000,1
2026-07-10T01:54:09.978846947+02:00,120003000,61000,2900000000,1
2026-07-10T01:54:10.989221253+02:00,119094000,62000,2900000000,1
2026-07-10T01:54:11.999988087+02:00,120003000,61000,2900000000,1
2026-07-10T01:54:13.011068895+02:00,119097000,61000,2900000000,1
2026-07-10T01:54:14.021938510+02:00,119099000,61000,2900000000,1
2026-07-10T01:54:15.032942629+02:00,120003000,62000,2900000000,1
2026-07-10T01:54:16.043876550+02:00,119098000,61000,2900000000,1
2026-07-10T01:54:17.050169511+02:00,119034000,61000,2900000000,1
2026-07-10T01:54:18.059069893+02:00,119059000,61000,2900000000,1
2026-07-10T01:54:19.067840021+02:00,118097000,62000,2900000000,1
2026-07-10T01:54:20.076306756+02:00,119070000,61000,2900000000,1
2026-07-10T01:54:21.087111415+02:00,119094000,61000,2900000000,1
2026-07-10T01:54:22.098863708+02:00,119092000,61000,2900000000,1
2026-07-10T01:54:23.109953325+02:00,120002000,61000,2900000000,1
2026-07-10T01:54:24.118167756+02:00,119098000,61000,2900000000,1
2026-07-10T01:54:25.127706428+02:00,119098000,62000,2900000000,1
2026-07-10T01:54:26.136935254+02:00,119099000,61000,2900000000,1
2026-07-10T01:54:27.145486936+02:00,119016000,62000,2900000000,1
2026-07-10T01:54:28.153935095+02:00,119045000,62000,2900000000,1
2026-07-10T01:54:29.164125322+02:00,119043000,62000,2900000000,1
2026-07-10T01:54:30.172744716+02:00,118071000,62000,2900000000,1
2026-07-10T01:54:31.183758826+02:00,118022000,62000,2900000000,1
2026-07-10T01:54:32.191502798+02:00,119011000,62000,2900000000,1
2026-07-10T01:54:33.201679269+02:00,119074000,62000,2900000000,1
2026-07-10T01:54:34.212063547+02:00,119094000,61000,2900000000,1
2026-07-10T01:54:35.223229244+02:00,119090000,62000,2900000000,1
2026-07-10T01:54:36.233913279+02:00,119097000,62000,2900000000,1
2026-07-10T01:54:37.243537630+02:00,120003000,62000,2900000000,1
2026-07-10T01:54:38.254458078+02:00,119099000,62000,2900000000,1
2026-07-10T01:54:39.264932313+02:00,119097000,62000,2900000000,1
2026-07-10T01:54:40.275670193+02:00,118096000,62000,2900000000,1
2026-07-10T01:54:41.282110455+02:00,119052000,62000,2900000000,1
2026-07-10T01:54:42.291439069+02:00,119063000,62000,2900000000,1
2026-07-10T01:54:43.301483112+02:00,119086000,62000,2900000000,1
2026-07-10T01:54:44.312596989+02:00,119086000,62000,2900000000,1
2026-07-10T01:54:45.322546267+02:00,119087000,62000,2900000000,1
2026-07-10T01:54:46.334532621+02:00,119094000,62000,2900000000,1
2026-07-10T01:54:47.346074295+02:00,119096000,62000,2900000000,1
2026-07-10T01:54:48.357041185+02:00,119099000,62000,2900000000,1
2026-07-10T01:54:49.366884767+02:00,120000000,62000,2900000000,1
2026-07-10T01:54:50.380135485+02:00,119097000,62000,2900000000,1
2026-07-10T01:54:51.391847543+02:00,119099000,62000,2900000000,1
2026-07-10T01:54:52.401847221+02:00,120000000,62000,2900000000,1
2026-07-10T01:54:53.411960090+02:00,120000000,62000,2900000000,1
2026-07-10T01:54:54.420565680+02:00,120000000,62000,2900000000,1
2026-07-10T01:54:55.431357147+02:00,120000000,62000,2900000000,1
2026-07-10T01:54:56.444635190+02:00,120000000,62000,2900000000,1
2026-07-10T01:54:57.453027323+02:00,119099000,62000,2900000000,1
2026-07-10T01:54:58.464447341+02:00,119099000,62000,2900000000,1
2026-07-10T01:54:59.474424114+02:00,119099000,62000,2900000000,1
2026-07-10T01:55:00.486123548+02:00,119099000,63000,2900000000,1
2026-07-10T01:55:01.498139101+02:00,119098000,62000,2900000000,1
2026-07-10T01:55:02.509445136+02:00,120003000,62000,2900000000,1
2026-07-10T01:55:03.522505704+02:00,120000000,62000,2900000000,1
2026-07-10T01:55:04.532800941+02:00,120004000,62000,2900000000,1
2026-07-10T01:55:05.543568793+02:00,119093000,62000,2900000000,1
2026-07-10T01:55:06.552764199+02:00,120005000,63000,2900000000,1
2026-07-10T01:55:07.562233370+02:00,119097000,63000,2900000000,1
2026-07-10T01:55:08.570384061+02:00,119097000,63000,2900000000,1
2026-07-10T01:55:09.580844021+02:00,120000000,62000,2900000000,1
2026-07-10T01:55:10.591627154+02:00,119096000,62000,2900000000,1
2026-07-10T01:55:11.601727871+02:00,119069000,62000,2900000000,1
2026-07-10T01:55:12.612555901+02:00,119077000,62000,2900000000,1
2026-07-10T01:55:13.621158358+02:00,119084000,62000,2900000000,1
2026-07-10T01:55:14.631170792+02:00,118066000,62000,2900000000,1
2026-07-10T01:55:15.643905324+02:00,118083000,62000,2900000000,1
2026-07-10T01:55:16.652801194+02:00,119055000,62000,2900000000,1
2026-07-10T01:55:17.662976548+02:00,119083000,62000,2900000000,1
2026-07-10T01:55:18.674357842+02:00,119077000,62000,2900000000,1
2026-07-10T01:55:19.687097674+02:00,120004000,63000,2900000000,1
2026-07-10T01:55:20.697707549+02:00,119080000,62000,2900000000,1
2026-07-10T01:55:21.704379448+02:00,119098000,62000,2900000000,1
2026-07-10T01:55:22.714723252+02:00,117007000,62000,2900000000,1
2026-07-10T01:55:23.721893587+02:00,118023000,62000,2900000000,1
2026-07-10T01:55:24.732432904+02:00,118068000,63000,2900000000,1
2026-07-10T01:55:25.740946608+02:00,119057000,63000,2900000000,1
2026-07-10T01:55:26.751769149+02:00,119036000,63000,2900000000,1
2026-07-10T01:55:27.761904095+02:00,118066000,62000,2900000000,1
2026-07-10T01:55:28.772177623+02:00,119043000,62000,2900000000,1
2026-07-10T01:55:29.782410741+02:00,119080000,62000,2900000000,1
2026-07-10T01:55:30.792977552+02:00,119089000,63000,2900000000,1
2026-07-10T01:55:31.803115585+02:00,119092000,62000,2900000000,1
2026-07-10T01:55:32.813786460+02:00,120004000,62000,2900000000,1
2026-07-10T01:55:33.825171243+02:00,120002000,63000,2900000000,1
2026-07-10T01:55:34.837891177+02:00,119099000,63000,2900000000,1
2026-07-10T01:55:35.849737242+02:00,119081000,62000,2900000000,1
2026-07-10T01:55:36.858235707+02:00,119074000,63000,2900000000,1
2026-07-10T01:55:37.867487386+02:00,119081000,62000,2900000000,1
2026-07-10T01:55:38.876177567+02:00,119043000,63000,2900000000,1
2026-07-10T01:55:39.885549251+02:00,119088000,63000,2900000000,1
2026-07-10T01:55:40.897583946+02:00,119093000,62000,2900000000,1
2026-07-10T01:55:41.907198204+02:00,119089000,62000,2900000000,1
2026-07-10T01:55:42.918726559+02:00,119097000,63000,2900000000,1
2026-07-10T01:55:43.927675075+02:00,120004000,63000,2900000000,1
2026-07-10T01:55:44.938915055+02:00,120006000,63000,2900000000,1
2026-07-10T01:55:45.948165853+02:00,119095000,63000,2900000000,1
2026-07-10T01:55:46.954836032+02:00,119094000,63000,2900000000,1
2026-07-10T01:55:47.963345509+02:00,119080000,62000,2900000000,1
2026-07-10T01:55:48.974790511+02:00,119073000,62000,2900000000,1
2026-07-10T01:55:49.985380610+02:00,118062000,63000,2900000000,1
2026-07-10T01:55:50.993921229+02:00,119042000,63000,2900000000,1
2026-07-10T01:55:52.001342217+02:00,119013000,63000,2900000000,1
2026-07-10T01:55:53.012236963+02:00,119067000,62000,2900000000,1
2026-07-10T01:55:54.023333904+02:00,119087000,63000,2900000000,1
2026-07-10T01:55:55.035568511+02:00,119095000,63000,2900000000,1
2026-07-10T01:55:56.045442579+02:00,119097000,63000,2900000000,1
2026-07-10T01:55:57.054817872+02:00,119097000,63000,2900000000,1
2026-07-10T01:55:58.065100480+02:00,119097000,63000,2900000000,1
2026-07-10T01:55:59.077085690+02:00,119099000,63000,2900000000,1
2026-07-10T01:56:00.088191769+02:00,119095000,63000,2900000000,1
2026-07-10T01:56:01.099585362+02:00,119098000,63000,2900000000,1
2026-07-10T01:56:02.112353403+02:00,120000000,63000,2900000000,1
2026-07-10T01:56:03.121974818+02:00,119099000,63000,2900000000,1
2026-07-10T01:56:04.133363090+02:00,119098000,63000,2900000000,1
2026-07-10T01:56:05.146212832+02:00,119098000,63000,2900000000,1
2026-07-10T01:56:06.158138697+02:00,119099000,63000,2900000000,1
2026-07-10T01:56:07.170001458+02:00,119099000,63000,2900000000,1
2026-07-10T01:56:08.180683438+02:00,120001000,63000,2900000000,1
2026-07-10T01:56:09.193749724+02:00,119099000,63000,2900000000,1
2026-07-10T01:56:10.205920258+02:00,119099000,63000,2900000000,1
2026-07-10T01:56:11.215380949+02:00,119098000,63000,2900000000,1
2026-07-10T01:56:12.225449049+02:00,120001000,63000,2900000000,1
2026-07-10T01:56:13.235914717+02:00,119099000,63000,2900000000,1
2026-07-10T01:56:14.245963929+02:00,120012000,63000,2900000000,1
2026-07-10T01:56:15.257744721+02:00,120005000,63000,2900000000,1
2026-07-10T01:56:16.268066878+02:00,120005000,63000,2900000000,1
2026-07-10T01:56:17.277791887+02:00,119094000,63000,2900000000,1
2026-07-10T01:56:18.287379227+02:00,120003000,63000,2900000000,1
2026-07-10T01:56:19.296888935+02:00,119096000,63000,2900000000,1
2026-07-10T01:56:20.309135387+02:00,119098000,63000,2900000000,1
2026-07-10T01:56:21.317786646+02:00,120000000,63000,2900000000,1
2026-07-10T01:56:22.327274080+02:00,120004000,63000,2900000000,1
2026-07-10T01:56:23.336374808+02:00,119069000,63000,2900000000,1
2026-07-10T01:56:24.350322310+02:00,119053000,63000,2900000000,1
2026-07-10T01:56:25.360916721+02:00,119060000,63000,2900000000,1
2026-07-10T01:56:26.372367197+02:00,119043000,63000,2900000000,1
2026-07-10T01:56:27.382241539+02:00,119028000,63000,2900000000,1
2026-07-10T01:56:28.388934466+02:00,119070000,63000,2900000000,1
2026-07-10T01:56:29.399241355+02:00,119085000,63000,2900000000,1
2026-07-10T01:56:30.409400855+02:00,119093000,63000,2900000000,1
2026-07-10T01:56:31.420711428+02:00,119098000,63000,2900000000,1
2026-07-10T01:56:32.431833321+02:00,119098000,63000,2900000000,1
2026-07-10T01:56:33.441159581+02:00,120000000,64000,2900000000,1
2026-07-10T01:56:34.452624657+02:00,120001000,63000,2900000000,1
2026-07-10T01:56:35.460763313+02:00,120001000,63000,2900000000,1
2026-07-10T01:56:36.472042926+02:00,119054000,64000,2900000000,1
2026-07-10T01:56:37.479642488+02:00,119019000,63000,2900000000,1
2026-07-10T01:56:38.488799167+02:00,119046000,63000,2900000000,1
2026-07-10T01:56:39.497914355+02:00,119035000,63000,2900000000,1
2026-07-10T01:56:40.509270227+02:00,119068000,63000,2900000000,1
2026-07-10T01:56:41.519991177+02:00,119095000,63000,2900000000,1
2026-07-10T01:56:42.530843444+02:00,119098000,63000,2900000000,1
2026-07-10T01:56:43.543700564+02:00,119090000,63000,2900000000,1
2026-07-10T01:56:44.553573555+02:00,119093000,64000,2900000000,1
2026-07-10T01:56:45.562557035+02:00,119035000,64000,2900000000,1
2026-07-10T01:56:46.571696721+02:00,119045000,64000,2900000000,1
2026-07-10T01:56:47.581872385+02:00,119047000,64000,2900000000,1
2026-07-10T01:56:48.592642442+02:00,119019000,64000,2900000000,1
2026-07-10T01:56:49.604128980+02:00,119070000,63000,2900000000,1
2026-07-10T01:56:50.614040918+02:00,119001000,64000,2900000000,1
2026-07-10T01:56:51.624085345+02:00,119063000,64000,2900000000,1
2026-07-10T01:56:52.634453686+02:00,119088000,63000,2900000000,1
2026-07-10T01:56:53.646402921+02:00,119081000,63000,2900000000,1
2026-07-10T01:56:54.657638168+02:00,119096000,63000,2900000000,1
2026-07-10T01:56:55.665700187+02:00,120000000,63000,2900000000,1
2026-07-10T01:56:56.676489392+02:00,119095000,64000,2900000000,1
2026-07-10T01:56:57.685678055+02:00,118088000,64000,2900000000,1
2026-07-10T01:56:58.696190799+02:00,119057000,63000,2900000000,1
2026-07-10T01:56:59.705419751+02:00,119086000,64000,2900000000,1
2026-07-10T01:57:00.713809381+02:00,119038000,64000,2900000000,1
2026-07-10T01:57:01.721495835+02:00,118078000,63000,2900000000,1
2026-07-10T01:57:02.727749195+02:00,118096000,63000,2900000000,1
2026-07-10T01:57:03.738137156+02:00,119046000,64000,2900000000,1
2026-07-10T01:57:04.749558498+02:00,119078000,64000,2900000000,1
2026-07-10T01:57:05.761543163+02:00,119089000,64000,2900000000,1
2026-07-10T01:57:06.773143255+02:00,119092000,63000,2900000000,1
2026-07-10T01:57:07.781517756+02:00,119097000,63000,2900000000,1
2026-07-10T01:57:08.790117358+02:00,119043000,64000,2900000000,1
2026-07-10T01:57:09.796995852+02:00,119049000,63000,2900000000,1
2026-07-10T01:57:10.803557907+02:00,119063000,63000,2900000000,1
2026-07-10T01:57:11.812899190+02:00,119074000,64000,2900000000,1
2026-07-10T01:57:12.822581731+02:00,118022000,63000,2900000000,1
2026-07-10T01:57:13.831864660+02:00,119033000,63000,2900000000,1
2026-07-10T01:57:14.840174745+02:00,119067000,63000,2900000000,1
2026-07-10T01:57:15.849671273+02:00,119008000,63000,2900000000,1
2026-07-10T01:57:16.859909171+02:00,119066000,63000,2900000000,1
2026-07-10T01:57:17.870722475+02:00,119087000,63000,2900000000,1
2026-07-10T01:57:18.880303928+02:00,119090000,63000,2900000000,1
2026-07-10T01:57:19.889647356+02:00,120004000,64000,2900000000,1
2026-07-10T01:57:20.900494597+02:00,119088000,63000,2900000000,1
2026-07-10T01:57:21.906584048+02:00,119034000,63000,2900000000,1
2026-07-10T01:57:22.913201422+02:00,119009000,64000,2900000000,1
2026-07-10T01:57:23.923736642+02:00,119065000,64000,2900000000,1
2026-07-10T01:57:24.932034284+02:00,119023000,64000,2900000000,1
2026-07-10T01:57:25.943103229+02:00,118084000,64000,2900000000,1
2026-07-10T01:57:26.950450221+02:00,118059000,64000,2900000000,1
2026-07-10T01:57:27.959564081+02:00,115021000,64000,2900000000,1
2026-07-10T01:57:28.968052807+02:00,118009000,64000,2900000000,1
2026-07-10T01:57:29.980172448+02:00,119031000,64000,2900000000,1
2026-07-10T01:57:30.994793594+02:00,119075000,64000,2900000000,1
2026-07-10T01:57:32.006004416+02:00,119092000,64000,2900000000,1
2026-07-10T01:57:33.016857550+02:00,119093000,64000,2900000000,1
2026-07-10T01:57:34.029969302+02:00,119098000,64000,2900000000,1
2026-07-10T01:57:35.043182664+02:00,119098000,64000,2900000000,1
2026-07-10T01:57:36.054401452+02:00,119099000,63000,2900000000,1
2026-07-10T01:57:37.066340490+02:00,119098000,64000,2900000000,1
2026-07-10T01:57:38.075697176+02:00,120000000,63000,2900000000,1
2026-07-10T01:57:39.085306455+02:00,119099000,63000,2900000000,1
2026-07-10T01:57:40.094038960+02:00,120000000,64000,2900000000,1
2026-07-10T01:57:41.105610429+02:00,120002000,63000,2900000000,1
2026-07-10T01:57:42.116082878+02:00,119098000,64000,2900000000,1
2026-07-10T01:57:43.127854048+02:00,120000000,64000,2900000000,1
2026-07-10T01:57:44.139310873+02:00,119098000,63000,2900000000,1
2026-07-10T01:57:45.150370081+02:00,119099000,63000,2900000000,1
2026-07-10T01:57:46.163373482+02:00,119099000,64000,2900000000,1
2026-07-10T01:57:47.172966631+02:00,119099000,63000,2900000000,1
2026-07-10T01:57:48.184152025+02:00,120000000,63000,2900000000,1
2026-07-10T01:57:49.196732139+02:00,119096000,63000,2900000000,1
2026-07-10T01:57:50.209474370+02:00,120013000,64000,2900000000,1
2026-07-10T01:57:51.222748291+02:00,119099000,63000,2900000000,1
2026-07-10T01:57:52.236310105+02:00,119099000,64000,2900000000,1
2026-07-10T01:57:53.248090504+02:00,120000000,64000,2900000000,1
2026-07-10T01:57:54.259614953+02:00,119099000,63000,2900000000,1
2026-07-10T01:57:55.270501703+02:00,119099000,64000,2900000000,1
2026-07-10T01:57:56.282369013+02:00,119096000,63000,2900000000,1
2026-07-10T01:57:57.293025664+02:00,120002000,64000,2900000000,1
2026-07-10T01:57:58.304709043+02:00,120001000,64000,2900000000,1
2026-07-10T01:57:59.315836175+02:00,119098000,64000,2900000000,1
2026-07-10T01:58:00.328465215+02:00,119099000,64000,2900000000,1
2026-07-10T01:58:01.338609974+02:00,120010000,64000,2900000000,1
2026-07-10T01:58:02.349948850+02:00,119091000,63000,2900000000,1
2026-07-10T01:58:03.360145220+02:00,119094000,64000,2900000000,1
2026-07-10T01:58:04.369713772+02:00,120003000,63000,2900000000,1
2026-07-10T01:58:05.381080112+02:00,119097000,64000,2900000000,1
2026-07-10T01:58:06.391022746+02:00,119065000,64000,2900000000,1
2026-07-10T01:58:07.402167022+02:00,119093000,63000,2900000000,1
2026-07-10T01:58:08.412916385+02:00,119091000,64000,2900000000,1
2026-07-10T01:58:09.422639740+02:00,119087000,64000,2900000000,1
2026-07-10T01:58:10.432618184+02:00,117066000,63000,2900000000,1
2026-07-10T01:58:11.441881480+02:00,116063000,64000,2900000000,1
2026-07-10T01:58:12.449571477+02:00,118027000,63000,2900000000,1
2026-07-10T01:58:13.458540867+02:00,119030000,63000,2900000000,1
2026-07-10T01:58:14.469926074+02:00,119081000,63000,2900000000,1
2026-07-10T01:58:15.481538587+02:00,119090000,63000,2900000000,1
2026-07-10T01:58:16.492508882+02:00,119088000,63000,2900000000,1
2026-07-10T01:58:17.504042701+02:00,120002000,64000,2900000000,1
2026-07-10T01:58:18.515309918+02:00,119084000,64000,2900000000,1
2026-07-10T01:58:19.523557647+02:00,119093000,63000,2900000000,1
2026-07-10T01:58:20.532660038+02:00,119091000,63000,2900000000,1
2026-07-10T01:58:21.541366294+02:00,118076000,63000,2900000000,1
2026-07-10T01:58:22.550338721+02:00,119047000,64000,2900000000,1
2026-07-10T01:58:23.558995470+02:00,119000000,63000,2900000000,1
2026-07-10T01:58:24.567276284+02:00,118044000,63000,2900000000,1
2026-07-10T01:58:25.573825280+02:00,118096000,64000,2900000000,1
2026-07-10T01:58:26.579911630+02:00,119047000,64000,2900000000,1
2026-07-10T01:58:27.590588442+02:00,119079000,64000,2900000000,1
2026-07-10T01:58:28.600522441+02:00,119095000,64000,2900000000,1
2026-07-10T01:58:29.609069857+02:00,119094000,64000,2900000000,1
2026-07-10T01:58:30.615844795+02:00,120004000,64000,2900000000,1
2026-07-10T01:58:31.623107558+02:00,119077000,64000,2900000000,1
2026-07-10T01:58:32.631739269+02:00,119091000,63000,2900000000,1
2026-07-10T01:58:33.642032080+02:00,119087000,63000,2900000000,1
2026-07-10T01:58:34.654941872+02:00,119091000,64000,2900000000,1
2026-07-10T01:58:35.665316283+02:00,119049000,64000,2900000000,1
2026-07-10T01:58:36.672848163+02:00,118097000,64000,2900000000,1
2026-07-10T01:58:37.682479630+02:00,118033000,64000,2900000000,1
2026-07-10T01:58:38.691932829+02:00,119043000,64000,2900000000,1
2026-07-10T01:58:39.703862124+02:00,119082000,64000,2900000000,1
2026-07-10T01:58:40.716095984+02:00,119093000,63000,2900000000,1
2026-07-10T01:58:41.728055918+02:00,119094000,64000,2900000000,1
2026-07-10T01:58:42.738935959+02:00,120002000,63000,2900000000,1
2026-07-10T01:58:43.747872698+02:00,119099000,63000,2900000000,1
2026-07-10T01:58:44.757823220+02:00,120000000,64000,2900000000,1
2026-07-10T01:58:45.767463746+02:00,120008000,63000,2900000000,1
2026-07-10T01:58:46.778638815+02:00,120005000,63000,2900000000,1
2026-07-10T01:58:47.790817597+02:00,120000000,63000,2900000000,1
2026-07-10T01:58:48.801688501+02:00,119036000,63000,2900000000,1
2026-07-10T01:58:49.811632932+02:00,118042000,63000,2900000000,1
2026-07-10T01:58:50.822455872+02:00,119050000,64000,2900000000,1
2026-07-10T01:58:51.834238409+02:00,119080000,64000,2900000000,1
2026-07-10T01:58:52.844634985+02:00,119094000,64000,2900000000,1
2026-07-10T01:58:53.854686737+02:00,120002000,63000,2900000000,1
2026-07-10T01:58:54.865676053+02:00,119098000,64000,2900000000,1
2026-07-10T01:58:55.875602669+02:00,120006000,64000,2900000000,1
2026-07-10T01:58:56.886851463+02:00,120008000,64000,2900000000,1
2026-07-10T01:58:57.896628226+02:00,120005000,64000,2900000000,1
2026-07-10T01:58:58.908460602+02:00,120003000,64000,2900000000,1
2026-07-10T01:58:59.919875230+02:00,119012000,64000,2900000000,1
2026-07-10T01:59:00.929942512+02:00,119026000,64000,2900000000,1
2026-07-10T01:59:01.938320028+02:00,118074000,64000,2900000000,1
2026-07-10T01:59:02.944164758+02:00,118074000,64000,2900000000,1
2026-07-10T01:59:03.956818451+02:00,119054000,64000,2900000000,1
2026-07-10T01:59:04.969349374+02:00,119084000,64000,2900000000,1
2026-07-10T01:59:05.980953453+02:00,119091000,64000,2900000000,1
2026-07-10T01:59:06.992091330+02:00,119096000,64000,2900000000,1
2026-07-10T01:59:08.003143249+02:00,120002000,64000,2900000000,1
2026-07-10T01:59:09.012066393+02:00,120002000,64000,2900000000,1
2026-07-10T01:59:10.024823269+02:00,119099000,64000,2900000000,1
2026-07-10T01:59:11.037004287+02:00,119047000,64000,2900000000,1
2026-07-10T01:59:12.047035600+02:00,118039000,63000,2900000000,1
2026-07-10T01:59:13.053904815+02:00,118080000,64000,2900000000,1
2026-07-10T01:59:14.063507679+02:00,118066000,64000,2900000000,1
2026-07-10T01:59:15.072628821+02:00,119051000,64000,2900000000,1
2026-07-10T01:59:16.082885575+02:00,119088000,64000,2900000000,1
2026-07-10T01:59:17.092854876+02:00,119098000,64000,2900000000,1
2026-07-10T01:59:18.103572051+02:00,119081000,63000,2900000000,1
2026-07-10T01:59:19.113190566+02:00,120006000,64000,2900000000,1
2026-07-10T01:59:20.123676900+02:00,119097000,63000,2900000000,1
2026-07-10T01:59:21.133079964+02:00,119070000,64000,2900000000,1
2026-07-10T01:59:22.142775530+02:00,119096000,64000,2900000000,1
2026-07-10T01:59:23.153834704+02:00,119070000,64000,2900000000,1
2026-07-10T01:59:24.164114543+02:00,119003000,64000,2900000000,1
2026-07-10T01:59:25.173233361+02:00,118077000,63000,2900000000,1
2026-07-10T01:59:26.187498399+02:00,119022000,63000,2900000000,1
2026-07-10T01:59:27.198514469+02:00,119061000,63000,2900000000,1
2026-07-10T01:59:28.209790398+02:00,119088000,64000,2900000000,1
2026-07-10T01:59:29.219517857+02:00,120001000,64000,2900000000,1
2026-07-10T01:59:30.229711679+02:00,120006000,64000,2900000000,1
2026-07-10T01:59:31.241908049+02:00,120002000,64000,2900000000,1
2026-07-10T01:59:32.251748539+02:00,119080000,64000,2900000000,1
2026-07-10T01:59:33.260132139+02:00,119047000,64000,2900000000,1
2026-07-10T01:59:34.269620170+02:00,119048000,64000,2900000000,1
2026-07-10T01:59:35.277029954+02:00,119075000,64000,2900000000,1
2026-07-10T01:59:36.286898089+02:00,119088000,64000,2900000000,1
2026-07-10T01:59:37.295684417+02:00,119097000,64000,2900000000,1
2026-07-10T01:59:38.307598956+02:00,119098000,64000,2900000000,1
2026-07-10T01:59:39.318065562+02:00,120001000,64000,2900000000,1
2026-07-10T01:59:40.330450792+02:00,119094000,64000,2900000000,1
2026-07-10T01:59:41.341707865+02:00,119098000,64000,2900000000,1
2026-07-10T01:59:42.352490901+02:00,119099000,64000,2900000000,1
2026-07-10T01:59:43.363905442+02:00,120011000,64000,2900000000,1
2026-07-10T01:59:44.374764656+02:00,119098000,64000,2900000000,1
2026-07-10T01:59:45.385962293+02:00,119099000,64000,2900000000,1
2026-07-10T01:59:46.396939618+02:00,120000000,64000,2900000000,1
2026-07-10T01:59:47.408543911+02:00,119099000,64000,2900000000,1
2026-07-10T01:59:48.418879581+02:00,119098000,64000,2900000000,1
2026-07-10T01:59:49.429996290+02:00,120000000,64000,2900000000,1
2026-07-10T01:59:50.440680412+02:00,119098000,64000,2900000000,1
2026-07-10T01:59:51.449740236+02:00,119097000,64000,2900000000,1
2026-07-10T01:59:52.461858555+02:00,119099000,64000,2900000000,1
2026-07-10T01:59:53.471947222+02:00,119099000,64000,2900000000,1
2026-07-10T01:59:54.483057489+02:00,119099000,64000,2900000000,1
2026-07-10T01:59:55.492960723+02:00,119098000,64000,2900000000,1
2026-07-10T01:59:56.503538147+02:00,119096000,64000,2900000000,1
2026-07-10T01:59:57.515558224+02:00,119099000,64000,2900000000,1
2026-07-10T01:59:58.525723101+02:00,119098000,64000,2900000000,1
2026-07-10T01:59:59.537255083+02:00,119098000,64000,2900000000,1
2026-07-10T02:00:00.548731917+02:00,119098000,64000,2900000000,1
2026-07-10T02:00:01.559673012+02:00,119098000,64000,2900000000,1
2026-07-10T02:00:02.572404461+02:00,119098000,64000,2900000000,1
2026-07-10T02:00:03.584238945+02:00,119098000,64000,2900000000,1
2026-07-10T02:00:04.594408722+02:00,120000000,64000,2900000000,1
2026-07-10T02:00:05.602274881+02:00,119099000,64000,2900000000,1
2026-07-10T02:00:06.610532346+02:00,119096000,63000,2900000000,1
2026-07-10T02:00:07.620861104+02:00,120000000,64000,2900000000,1
2026-07-10T02:00:08.629977059+02:00,119098000,64000,2900000000,1
2026-07-10T02:00:09.641022329+02:00,119096000,64000,2900000000,1
2026-07-10T02:00:10.652809521+02:00,120000000,64000,2900000000,1
2026-07-10T02:00:11.665989378+02:00,119098000,64000,2900000000,1
2026-07-10T02:00:12.676721977+02:00,119099000,64000,2900000000,1
2026-07-10T02:00:13.687012871+02:00,120000000,64000,2900000000,1
2026-07-10T02:00:14.699175137+02:00,119098000,64000,2900000000,1
2026-07-10T02:00:15.709562621+02:00,119098000,63000,2900000000,1
2026-07-10T02:00:16.720648300+02:00,119099000,63000,2900000000,1
2026-07-10T02:00:17.729517423+02:00,120000000,64000,2900000000,1
2026-07-10T02:00:18.741579413+02:00,119099000,64000,2900000000,1
2026-07-10T02:00:19.751569148+02:00,120001000,64000,2900000000,1
