timestamp_utc,seconds_elapsed,watts,source,label,path
2026-05-16T10:44:39.582817+00:00,0.000,48.022,amdgpu_hwmon,PPT,/sys/class/hwmon/hwmon6/power1_average
2026-05-16T10:44:40.083149+00:00,0.500,51.095,amdgpu_hwmon,PPT,/sys/class/hwmon/hwmon6/power1_average
2026-05-16T10:44:40.584238+00:00,1.001,52.051,amdgpu_hwmon,PPT,/sys/class/hwmon/hwmon6/power1_average
2026-05-16T10:44:41.085114+00:00,1.502,55.055,amdgpu_hwmon,PPT,/sys/class/hwmon/hwmon6/power1_average
2026-05-16T10:44:41.585382+00:00,2.003,57.029,amdgpu_hwmon,PPT,/sys/class/hwmon/hwmon6/power1_average
2026-05-16T10:44:42.086262+00:00,2.503,58.022,amdgpu_hwmon,PPT,/sys/class/hwmon/hwmon6/power1_average
2026-05-16T10:44:42.586556+00:00,3.004,58.078,amdgpu_hwmon,PPT,/sys/class/hwmon/hwmon6/power1_average
2026-05-16T10:44:43.087456+00:00,3.505,59.008,amdgpu_hwmon,PPT,/sys/class/hwmon/hwmon6/power1_average
2026-05-16T10:44:43.588371+00:00,4.006,59.017,amdgpu_hwmon,PPT,/sys/class/hwmon/hwmon6/power1_average
2026-05-16T10:44:44.088641+00:00,4.506,59.089,amdgpu_hwmon,PPT,/sys/class/hwmon/hwmon6/power1_average
2026-05-16T10:44:44.589524+00:00,5.007,60.052,amdgpu_hwmon,PPT,/sys/class/hwmon/hwmon6/power1_average
2026-05-16T10:44:45.089819+00:00,5.507,63.031,amdgpu_hwmon,PPT,/sys/class/hwmon/hwmon6/power1_average
2026-05-16T10:44:45.590628+00:00,6.008,87.063,amdgpu_hwmon,PPT,/sys/class/hwmon/hwmon6/power1_average
2026-05-16T10:44:46.091907+00:00,6.509,108.061,amdgpu_hwmon,PPT,/sys/class/hwmon/hwmon6/power1_average
2026-05-16T10:44:46.592889+00:00,7.010,130.042,amdgpu_hwmon,PPT,/sys/class/hwmon/hwmon6/power1_average
2026-05-16T10:44:47.094000+00:00,7.511,145.077,amdgpu_hwmon,PPT,/sys/class/hwmon/hwmon6/power1_average
2026-05-16T10:44:47.595111+00:00,8.012,152.000,amdgpu_hwmon,PPT,/sys/class/hwmon/hwmon6/power1_average
2026-05-16T10:44:48.096171+00:00,8.513,150.028,amdgpu_hwmon,PPT,/sys/class/hwmon/hwmon6/power1_average
2026-05-16T10:44:48.597198+00:00,9.014,148.034,amdgpu_hwmon,PPT,/sys/class/hwmon/hwmon6/power1_average
2026-05-16T10:44:49.098279+00:00,9.515,147.076,amdgpu_hwmon,PPT,/sys/class/hwmon/hwmon6/power1_average
2026-05-16T10:44:49.599310+00:00,10.016,147.076,amdgpu_hwmon,PPT,/sys/class/hwmon/hwmon6/power1_average
2026-05-16T10:44:50.100430+00:00,10.518,147.005,amdgpu_hwmon,PPT,/sys/class/hwmon/hwmon6/power1_average
2026-05-16T10:44:50.601469+00:00,11.019,147.043,amdgpu_hwmon,PPT,/sys/class/hwmon/hwmon6/power1_average
2026-05-16T10:44:51.102595+00:00,11.520,146.095,amdgpu_hwmon,PPT,/sys/class/hwmon/hwmon6/power1_average
2026-05-16T10:44:51.603683+00:00,12.021,147.031,amdgpu_hwmon,PPT,/sys/class/hwmon/hwmon6/power1_average
2026-05-16T10:44:52.104684+00:00,12.522,147.071,amdgpu_hwmon,PPT,/sys/class/hwmon/hwmon6/power1_average
2026-05-16T10:44:52.605696+00:00,13.023,147.028,amdgpu_hwmon,PPT,/sys/class/hwmon/hwmon6/power1_average
2026-05-16T10:44:53.106726+00:00,13.524,135.028,amdgpu_hwmon,PPT,/sys/class/hwmon/hwmon6/power1_average
2026-05-16T10:44:53.607904+00:00,14.025,118.008,amdgpu_hwmon,PPT,/sys/class/hwmon/hwmon6/power1_average
2026-05-16T10:44:54.108944+00:00,14.526,108.013,amdgpu_hwmon,PPT,/sys/class/hwmon/hwmon6/power1_average
2026-05-16T10:44:54.609822+00:00,15.027,103.098,amdgpu_hwmon,PPT,/sys/class/hwmon/hwmon6/power1_average
2026-05-16T10:44:55.111011+00:00,15.528,110.046,amdgpu_hwmon,PPT,/sys/class/hwmon/hwmon6/power1_average
2026-05-16T10:44:55.612002+00:00,16.029,114.022,amdgpu_hwmon,PPT,/sys/class/hwmon/hwmon6/power1_average
2026-05-16T10:44:56.113111+00:00,16.530,116.051,amdgpu_hwmon,PPT,/sys/class/hwmon/hwmon6/power1_average
2026-05-16T10:44:56.614188+00:00,17.031,117.091,amdgpu_hwmon,PPT,/sys/class/hwmon/hwmon6/power1_average
2026-05-16T10:44:57.115233+00:00,17.532,118.064,amdgpu_hwmon,PPT,/sys/class/hwmon/hwmon6/power1_average
2026-05-16T10:44:57.616188+00:00,18.033,119.014,amdgpu_hwmon,PPT,/sys/class/hwmon/hwmon6/power1_average
2026-05-16T10:44:58.117346+00:00,18.535,119.050,amdgpu_hwmon,PPT,/sys/class/hwmon/hwmon6/power1_average
2026-05-16T10:44:58.618410+00:00,19.036,119.065,amdgpu_hwmon,PPT,/sys/class/hwmon/hwmon6/power1_average
2026-05-16T10:44:59.119551+00:00,19.537,119.080,amdgpu_hwmon,PPT,/sys/class/hwmon/hwmon6/power1_average
2026-05-16T10:44:59.620658+00:00,20.038,119.090,amdgpu_hwmon,PPT,/sys/class/hwmon/hwmon6/power1_average
2026-05-16T10:45:00.121649+00:00,20.539,119.093,amdgpu_hwmon,PPT,/sys/class/hwmon/hwmon6/power1_average
2026-05-16T10:45:00.622821+00:00,21.040,119.095,amdgpu_hwmon,PPT,/sys/class/hwmon/hwmon6/power1_average
2026-05-16T10:45:01.123837+00:00,21.541,120.000,amdgpu_hwmon,PPT,/sys/class/hwmon/hwmon6/power1_average
2026-05-16T10:45:01.624839+00:00,22.042,120.000,amdgpu_hwmon,PPT,/sys/class/hwmon/hwmon6/power1_average
2026-05-16T10:45:02.125946+00:00,22.543,120.000,amdgpu_hwmon,PPT,/sys/class/hwmon/hwmon6/power1_average
2026-05-16T10:45:02.626803+00:00,23.044,119.098,amdgpu_hwmon,PPT,/sys/class/hwmon/hwmon6/power1_average
2026-05-16T10:45:03.128048+00:00,23.545,120.002,amdgpu_hwmon,PPT,/sys/class/hwmon/hwmon6/power1_average
2026-05-16T10:45:03.629065+00:00,24.046,119.097,amdgpu_hwmon,PPT,/sys/class/hwmon/hwmon6/power1_average
2026-05-16T10:45:04.130147+00:00,24.547,120.004,amdgpu_hwmon,PPT,/sys/class/hwmon/hwmon6/power1_average
2026-05-16T10:45:04.631281+00:00,25.048,120.000,amdgpu_hwmon,PPT,/sys/class/hwmon/hwmon6/power1_average
2026-05-16T10:45:05.132120+00:00,25.549,120.000,amdgpu_hwmon,PPT,/sys/class/hwmon/hwmon6/power1_average
2026-05-16T10:45:05.633303+00:00,26.050,119.099,amdgpu_hwmon,PPT,/sys/class/hwmon/hwmon6/power1_average
2026-05-16T10:45:06.134316+00:00,26.551,120.000,amdgpu_hwmon,PPT,/sys/class/hwmon/hwmon6/power1_average
2026-05-16T10:45:06.635426+00:00,27.053,120.001,amdgpu_hwmon,PPT,/sys/class/hwmon/hwmon6/power1_average
2026-05-16T10:45:07.136502+00:00,27.554,119.099,amdgpu_hwmon,PPT,/sys/class/hwmon/hwmon6/power1_average
2026-05-16T10:45:07.637585+00:00,28.055,120.000,amdgpu_hwmon,PPT,/sys/class/hwmon/hwmon6/power1_average
2026-05-16T10:45:08.138466+00:00,28.556,120.001,amdgpu_hwmon,PPT,/sys/class/hwmon/hwmon6/power1_average
2026-05-16T10:45:08.639655+00:00,29.057,119.099,amdgpu_hwmon,PPT,/sys/class/hwmon/hwmon6/power1_average
2026-05-16T10:45:09.140693+00:00,29.558,120.000,amdgpu_hwmon,PPT,/sys/class/hwmon/hwmon6/power1_average
2026-05-16T10:45:09.641760+00:00,30.059,120.000,amdgpu_hwmon,PPT,/sys/class/hwmon/hwmon6/power1_average
2026-05-16T10:45:10.142869+00:00,30.560,120.001,amdgpu_hwmon,PPT,/sys/class/hwmon/hwmon6/power1_average
2026-05-16T10:45:10.643862+00:00,31.061,120.000,amdgpu_hwmon,PPT,/sys/class/hwmon/hwmon6/power1_average
2026-05-16T10:45:11.144893+00:00,31.562,119.099,amdgpu_hwmon,PPT,/sys/class/hwmon/hwmon6/power1_average
2026-05-16T10:45:11.645976+00:00,32.063,120.000,amdgpu_hwmon,PPT,/sys/class/hwmon/hwmon6/power1_average
2026-05-16T10:45:12.147109+00:00,32.564,120.000,amdgpu_hwmon,PPT,/sys/class/hwmon/hwmon6/power1_average
2026-05-16T10:45:12.648105+00:00,33.065,120.002,amdgpu_hwmon,PPT,/sys/class/hwmon/hwmon6/power1_average
2026-05-16T10:45:13.148977+00:00,33.566,119.098,amdgpu_hwmon,PPT,/sys/class/hwmon/hwmon6/power1_average
2026-05-16T10:45:13.650224+00:00,34.067,120.000,amdgpu_hwmon,PPT,/sys/class/hwmon/hwmon6/power1_average
2026-05-16T10:45:14.151428+00:00,34.569,119.099,amdgpu_hwmon,PPT,/sys/class/hwmon/hwmon6/power1_average
2026-05-16T10:45:14.652385+00:00,35.070,119.097,amdgpu_hwmon,PPT,/sys/class/hwmon/hwmon6/power1_average
2026-05-16T10:45:15.153499+00:00,35.571,119.098,amdgpu_hwmon,PPT,/sys/class/hwmon/hwmon6/power1_average
2026-05-16T10:45:15.654501+00:00,36.072,120.001,amdgpu_hwmon,PPT,/sys/class/hwmon/hwmon6/power1_average
2026-05-16T10:45:16.155538+00:00,36.573,120.001,amdgpu_hwmon,PPT,/sys/class/hwmon/hwmon6/power1_average
2026-05-16T10:45:16.656584+00:00,37.074,119.098,amdgpu_hwmon,PPT,/sys/class/hwmon/hwmon6/power1_average
2026-05-16T10:45:17.157685+00:00,37.575,120.003,amdgpu_hwmon,PPT,/sys/class/hwmon/hwmon6/power1_average
2026-05-16T10:45:17.658779+00:00,38.076,120.003,amdgpu_hwmon,PPT,/sys/class/hwmon/hwmon6/power1_average
2026-05-16T10:45:18.159792+00:00,38.577,119.097,amdgpu_hwmon,PPT,/sys/class/hwmon/hwmon6/power1_average
2026-05-16T10:45:18.660946+00:00,39.078,120.003,amdgpu_hwmon,PPT,/sys/class/hwmon/hwmon6/power1_average
2026-05-16T10:45:19.161871+00:00,39.579,119.098,amdgpu_hwmon,PPT,/sys/class/hwmon/hwmon6/power1_average
2026-05-16T10:45:19.663034+00:00,40.080,120.001,amdgpu_hwmon,PPT,/sys/class/hwmon/hwmon6/power1_average
2026-05-16T10:45:20.164071+00:00,40.581,120.001,amdgpu_hwmon,PPT,/sys/class/hwmon/hwmon6/power1_average
2026-05-16T10:45:20.665128+00:00,41.082,117.018,amdgpu_hwmon,PPT,/sys/class/hwmon/hwmon6/power1_average
2026-05-16T10:45:21.166153+00:00,41.583,98.017,amdgpu_hwmon,PPT,/sys/class/hwmon/hwmon6/power1_average
2026-05-16T10:45:21.667133+00:00,42.084,85.078,amdgpu_hwmon,PPT,/sys/class/hwmon/hwmon6/power1_average
2026-05-16T10:45:22.168267+00:00,42.585,78.064,amdgpu_hwmon,PPT,/sys/class/hwmon/hwmon6/power1_average
2026-05-16T10:45:22.669218+00:00,43.086,74.045,amdgpu_hwmon,PPT,/sys/class/hwmon/hwmon6/power1_average
2026-05-16T10:45:23.170330+00:00,43.588,75.017,amdgpu_hwmon,PPT,/sys/class/hwmon/hwmon6/power1_average
2026-05-16T10:45:23.671399+00:00,44.089,73.030,amdgpu_hwmon,PPT,/sys/class/hwmon/hwmon6/power1_average
2026-05-16T10:45:24.172343+00:00,44.590,70.093,amdgpu_hwmon,PPT,/sys/class/hwmon/hwmon6/power1_average
2026-05-16T10:45:24.672658+00:00,45.090,70.015,amdgpu_hwmon,PPT,/sys/class/hwmon/hwmon6/power1_average
