date,system,model,tool_route,concurrency,n,mean_aggregate_decode_tps,stddev_aggregate_decode_tps,min_aggregate_decode_tps,max_aggregate_decode_tps,max_temp_c,mean_avg_ppt_w,source
2026-07-13,Beelink GTR9 Pro,Qwen3-Coder 30B-A3B,lemonade-rocm-b1259,1,1,64.400,n/a,64.400,64.400,80.0,115.233,data/raw/2026-07-13/llamacpp-b9979-amd-density-gate
2026-07-13,Beelink GTR9 Pro,Qwen3-Coder 30B-A3B,lemonade-rocm-b1259,2,1,95.580,n/a,95.580,95.580,80.0,115.233,data/raw/2026-07-13/llamacpp-b9979-amd-density-gate
2026-07-13,Beelink GTR9 Pro,Qwen3-Coder 30B-A3B,lemonade-rocm-b1259,4,1,133.920,n/a,133.920,133.920,80.0,115.233,data/raw/2026-07-13/llamacpp-b9979-amd-density-gate
2026-07-13,Beelink GTR9 Pro,Qwen3-Coder 30B-A3B,lemonade-rocm-b1259,8,3,191.783,0.378,191.550,192.220,79.0,115.613,data/raw/2026-07-13/llamacpp-b9979-amd-density-gate
2026-07-13,Beelink GTR9 Pro,Qwen3-Coder 30B-A3B,lemonade-rocm-b1259,9,3,200.893,0.486,200.390,201.360,79.0,115.613,data/raw/2026-07-13/llamacpp-b9979-amd-density-gate
2026-07-13,Beelink GTR9 Pro,Qwen3-Coder 30B-A3B,lemonade-rocm-b1259,12,3,240.787,1.097,239.770,241.950,79.0,115.613,data/raw/2026-07-13/llamacpp-b9979-amd-density-gate
2026-07-13,Beelink GTR9 Pro,Qwen3-Coder 30B-A3B,lemonade-rocm-b1259,16,3,287.643,0.836,286.780,288.450,79.0,115.613,data/raw/2026-07-13/llamacpp-b9979-amd-density-gate
2026-07-13,Beelink GTR9 Pro,Qwen3-Coder 30B-A3B,lemonade-rocm-b1259,24,1,313.730,n/a,313.730,313.730,79.0,117.738,data/raw/2026-07-13/llamacpp-b9979-amd-density-gate
2026-07-13,Beelink GTR9 Pro,Qwen3-Coder 30B-A3B,lemonade-rocm-b1259,32,1,369.110,n/a,369.110,369.110,79.0,117.738,data/raw/2026-07-13/llamacpp-b9979-amd-density-gate
2026-07-13,Beelink GTR9 Pro,Qwen3-Coder 30B-A3B,lemonade-rocm-b1259,48,1,405.920,n/a,405.920,405.920,76.0,117.158,data/raw/2026-07-13/llamacpp-b9979-amd-density-gate
2026-07-13,Beelink GTR9 Pro,Qwen3-Coder 30B-A3B,lemonade-rocm-b1259,64,1,425.850,n/a,425.850,425.850,79.0,121.229,data/raw/2026-07-13/llamacpp-b9979-amd-density-gate
2026-07-13,Beelink GTR9 Pro,Qwen3-Coder 30B-A3B,vulkan-b9979-density,1,1,93.516,n/a,93.516,93.516,87.0,134.912,data/raw/2026-07-13/llamacpp-b9979-amd-density-gate
2026-07-13,Beelink GTR9 Pro,Qwen3-Coder 30B-A3B,vulkan-b9979-density,2,1,136.628,n/a,136.628,136.628,87.0,134.912,data/raw/2026-07-13/llamacpp-b9979-amd-density-gate
2026-07-13,Beelink GTR9 Pro,Qwen3-Coder 30B-A3B,vulkan-b9979-density,4,1,184.754,n/a,184.754,184.754,87.0,134.912,data/raw/2026-07-13/llamacpp-b9979-amd-density-gate
2026-07-13,Beelink GTR9 Pro,Qwen3-Coder 30B-A3B,vulkan-b9979-density,8,5,228.363,0.208,228.044,228.589,86.0,134.479,data/raw/2026-07-13/llamacpp-b9979-amd-density-gate
2026-07-13,Beelink GTR9 Pro,Qwen3-Coder 30B-A3B,vulkan-b9979-density,9,5,210.069,0.080,209.953,210.176,86.0,134.479,data/raw/2026-07-13/llamacpp-b9979-amd-density-gate
2026-07-13,Beelink GTR9 Pro,Qwen3-Coder 30B-A3B,vulkan-b9979-density,12,5,236.703,0.050,236.654,236.765,86.0,134.479,data/raw/2026-07-13/llamacpp-b9979-amd-density-gate
2026-07-13,Beelink GTR9 Pro,Qwen3-Coder 30B-A3B,vulkan-b9979-density,16,5,266.066,0.165,265.837,266.262,86.0,134.479,data/raw/2026-07-13/llamacpp-b9979-amd-density-gate
2026-07-13,Beelink GTR9 Pro,Qwen3-Coder 30B-A3B,vulkan-b9979-density,24,1,296.112,n/a,296.112,296.112,94.0,148.227,data/raw/2026-07-13/llamacpp-b9979-amd-density-gate
2026-07-13,Beelink GTR9 Pro,Qwen3-Coder 30B-A3B,vulkan-b9979-density,32,1,327.702,n/a,327.702,327.702,94.0,148.227,data/raw/2026-07-13/llamacpp-b9979-amd-density-gate
2026-07-13,Beelink GTR9 Pro,Qwen3-Coder 30B-A3B,vulkan-b9979-density,48,1,343.799,n/a,343.799,343.799,82.0,135.968,data/raw/2026-07-13/llamacpp-b9979-amd-density-gate
2026-07-13,Beelink GTR9 Pro,Qwen3-Coder 30B-A3B,vulkan-b9979-density,64,1,423.267,n/a,423.267,423.267,85.0,139.872,data/raw/2026-07-13/llamacpp-b9979-amd-density-gate
2026-07-13,Beelink GTR9 Pro,Qwen3-Coder 30B-A3B,vulkan-b9979-density-dense16,1,1,93.573,n/a,93.573,93.573,86.0,139.045,data/raw/2026-07-13/llamacpp-b9979-amd-density-gate
2026-07-13,Beelink GTR9 Pro,Qwen3-Coder 30B-A3B,vulkan-b9979-density-dense16,2,1,136.569,n/a,136.569,136.569,86.0,139.045,data/raw/2026-07-13/llamacpp-b9979-amd-density-gate
2026-07-13,Beelink GTR9 Pro,Qwen3-Coder 30B-A3B,vulkan-b9979-density-dense16,4,1,184.237,n/a,184.237,184.237,86.0,139.045,data/raw/2026-07-13/llamacpp-b9979-amd-density-gate
2026-07-13,Beelink GTR9 Pro,Qwen3-Coder 30B-A3B,vulkan-b9979-density-dense16,8,5,228.111,0.081,227.997,228.222,87.0,139.905,data/raw/2026-07-13/llamacpp-b9979-amd-density-gate
2026-07-13,Beelink GTR9 Pro,Qwen3-Coder 30B-A3B,vulkan-b9979-density-dense16,9,5,234.120,0.577,233.253,234.666,87.0,139.905,data/raw/2026-07-13/llamacpp-b9979-amd-density-gate
2026-07-13,Beelink GTR9 Pro,Qwen3-Coder 30B-A3B,vulkan-b9979-density-dense16,12,5,246.132,0.755,244.785,246.561,87.0,139.905,data/raw/2026-07-13/llamacpp-b9979-amd-density-gate
2026-07-13,Beelink GTR9 Pro,Qwen3-Coder 30B-A3B,vulkan-b9979-density-dense16,16,5,227.195,0.109,227.002,227.266,87.0,139.905,data/raw/2026-07-13/llamacpp-b9979-amd-density-gate
2026-07-13,Beelink GTR9 Pro,Qwen3-Coder 30B-A3B,vulkan-b9979-density-dense16,24,1,294.923,n/a,294.923,294.923,94.0,148.869,data/raw/2026-07-13/llamacpp-b9979-amd-density-gate
2026-07-13,Beelink GTR9 Pro,Qwen3-Coder 30B-A3B,vulkan-b9979-density-dense16,32,1,326.839,n/a,326.839,326.839,94.0,148.869,data/raw/2026-07-13/llamacpp-b9979-amd-density-gate
2026-07-13,Beelink GTR9 Pro,Qwen3-Coder 30B-A3B,vulkan-b9979-density-dense16,48,1,344.075,n/a,344.075,344.075,83.0,135.867,data/raw/2026-07-13/llamacpp-b9979-amd-density-gate
2026-07-13,Beelink GTR9 Pro,Qwen3-Coder 30B-A3B,vulkan-b9979-density-dense16,64,1,423.167,n/a,423.167,423.167,84.0,139.738,data/raw/2026-07-13/llamacpp-b9979-amd-density-gate
2026-07-13,Beelink GTR9 Pro,Qwen3-Coder 30B-A3B,vulkan-b9979-stock,1,1,91.859,n/a,91.859,91.859,94.0,144.955,data/raw/2026-07-13/llamacpp-b9979-amd-density-gate
2026-07-13,Beelink GTR9 Pro,Qwen3-Coder 30B-A3B,vulkan-b9979-stock,2,1,136.602,n/a,136.602,136.602,94.0,144.955,data/raw/2026-07-13/llamacpp-b9979-amd-density-gate
2026-07-13,Beelink GTR9 Pro,Qwen3-Coder 30B-A3B,vulkan-b9979-stock,4,1,182.783,n/a,182.783,182.783,94.0,144.955,data/raw/2026-07-13/llamacpp-b9979-amd-density-gate
2026-07-13,Beelink GTR9 Pro,Qwen3-Coder 30B-A3B,vulkan-b9979-stock,8,5,228.181,0.037,228.144,228.223,86.0,132.199,data/raw/2026-07-13/llamacpp-b9979-amd-density-gate
2026-07-13,Beelink GTR9 Pro,Qwen3-Coder 30B-A3B,vulkan-b9979-stock,9,5,147.191,0.091,147.082,147.327,86.0,132.199,data/raw/2026-07-13/llamacpp-b9979-amd-density-gate
2026-07-13,Beelink GTR9 Pro,Qwen3-Coder 30B-A3B,vulkan-b9979-stock,12,5,177.018,0.084,176.928,177.104,86.0,132.199,data/raw/2026-07-13/llamacpp-b9979-amd-density-gate
2026-07-13,Beelink GTR9 Pro,Qwen3-Coder 30B-A3B,vulkan-b9979-stock,16,5,212.659,0.063,212.580,212.724,86.0,132.199,data/raw/2026-07-13/llamacpp-b9979-amd-density-gate
2026-07-13,Beelink GTR9 Pro,Qwen3-Coder 30B-A3B,vulkan-b9979-stock,24,1,267.533,n/a,267.533,267.533,94.0,144.955,data/raw/2026-07-13/llamacpp-b9979-amd-density-gate
2026-07-13,Beelink GTR9 Pro,Qwen3-Coder 30B-A3B,vulkan-b9979-stock,32,1,330.898,n/a,330.898,330.898,94.0,144.955,data/raw/2026-07-13/llamacpp-b9979-amd-density-gate
2026-07-13,Beelink GTR9 Pro,Qwen3-Coder 30B-A3B,vulkan-b9979-stock,48,1,339.197,n/a,339.197,339.197,94.0,144.955,data/raw/2026-07-13/llamacpp-b9979-amd-density-gate
2026-07-13,Beelink GTR9 Pro,Qwen3-Coder 30B-A3B,vulkan-b9979-stock,64,1,423.804,n/a,423.804,423.804,94.0,144.955,data/raw/2026-07-13/llamacpp-b9979-amd-density-gate
2026-07-13,Beelink GTR9 Pro,Qwen3-Next 80B-A3B,lemonade-rocm-b1259,1,1,47.900,n/a,47.900,47.900,85.0,95.099,data/raw/2026-07-13/llamacpp-b9979-amd-density-gate
2026-07-13,Beelink GTR9 Pro,Qwen3-Next 80B-A3B,lemonade-rocm-b1259,2,1,69.300,n/a,69.300,69.300,85.0,95.099,data/raw/2026-07-13/llamacpp-b9979-amd-density-gate
2026-07-13,Beelink GTR9 Pro,Qwen3-Next 80B-A3B,lemonade-rocm-b1259,4,1,89.390,n/a,89.390,89.390,85.0,95.099,data/raw/2026-07-13/llamacpp-b9979-amd-density-gate
2026-07-13,Beelink GTR9 Pro,Qwen3-Next 80B-A3B,lemonade-rocm-b1259,8,3,112.193,0.372,111.780,112.500,85.0,91.188,data/raw/2026-07-13/llamacpp-b9979-amd-density-gate
2026-07-13,Beelink GTR9 Pro,Qwen3-Next 80B-A3B,lemonade-rocm-b1259,9,3,116.900,0.356,116.620,117.300,85.0,91.188,data/raw/2026-07-13/llamacpp-b9979-amd-density-gate
2026-07-13,Beelink GTR9 Pro,Qwen3-Next 80B-A3B,lemonade-rocm-b1259,12,3,130.500,0.355,130.140,130.850,85.0,91.188,data/raw/2026-07-13/llamacpp-b9979-amd-density-gate
2026-07-13,Beelink GTR9 Pro,Qwen3-Next 80B-A3B,lemonade-rocm-b1259,16,3,143.323,0.386,142.950,143.720,85.0,91.188,data/raw/2026-07-13/llamacpp-b9979-amd-density-gate
2026-07-13,Beelink GTR9 Pro,Qwen3-Next 80B-A3B,lemonade-rocm-b1259,24,1,145.090,n/a,145.090,145.090,86.0,95.021,data/raw/2026-07-13/llamacpp-b9979-amd-density-gate
2026-07-13,Beelink GTR9 Pro,Qwen3-Next 80B-A3B,lemonade-rocm-b1259,32,1,156.610,n/a,156.610,156.610,86.0,95.021,data/raw/2026-07-13/llamacpp-b9979-amd-density-gate
2026-07-13,Beelink GTR9 Pro,Qwen3-Next 80B-A3B,lemonade-rocm-b1259,48,1,159.740,n/a,159.740,159.740,82.0,91.019,data/raw/2026-07-13/llamacpp-b9979-amd-density-gate
2026-07-13,Beelink GTR9 Pro,Qwen3-Next 80B-A3B,lemonade-rocm-b1259,64,1,158.770,n/a,158.770,158.770,83.0,97.514,data/raw/2026-07-13/llamacpp-b9979-amd-density-gate
2026-07-13,Beelink GTR9 Pro,Qwen3-Next 80B-A3B,vulkan-b9979-density,1,1,63.905,n/a,63.905,63.905,82.0,94.830,data/raw/2026-07-13/llamacpp-b9979-amd-density-gate
2026-07-13,Beelink GTR9 Pro,Qwen3-Next 80B-A3B,vulkan-b9979-density,2,1,90.715,n/a,90.715,90.715,82.0,94.830,data/raw/2026-07-13/llamacpp-b9979-amd-density-gate
2026-07-13,Beelink GTR9 Pro,Qwen3-Next 80B-A3B,vulkan-b9979-density,4,1,123.206,n/a,123.206,123.206,82.0,94.830,data/raw/2026-07-13/llamacpp-b9979-amd-density-gate
2026-07-13,Beelink GTR9 Pro,Qwen3-Next 80B-A3B,vulkan-b9979-density,8,3,145.021,0.573,144.455,145.601,80.0,91.030,data/raw/2026-07-13/llamacpp-b9979-amd-density-gate
2026-07-13,Beelink GTR9 Pro,Qwen3-Next 80B-A3B,vulkan-b9979-density,9,3,125.476,0.114,125.361,125.588,80.0,91.030,data/raw/2026-07-13/llamacpp-b9979-amd-density-gate
2026-07-13,Beelink GTR9 Pro,Qwen3-Next 80B-A3B,vulkan-b9979-density,12,3,138.455,0.242,138.303,138.734,80.0,91.030,data/raw/2026-07-13/llamacpp-b9979-amd-density-gate
2026-07-13,Beelink GTR9 Pro,Qwen3-Next 80B-A3B,vulkan-b9979-density,16,3,150.824,0.208,150.702,151.065,80.0,91.030,data/raw/2026-07-13/llamacpp-b9979-amd-density-gate
2026-07-13,Beelink GTR9 Pro,Qwen3-Next 80B-A3B,vulkan-b9979-density,24,1,166.887,n/a,166.887,166.887,83.0,95.924,data/raw/2026-07-13/llamacpp-b9979-amd-density-gate
2026-07-13,Beelink GTR9 Pro,Qwen3-Next 80B-A3B,vulkan-b9979-density,32,1,176.622,n/a,176.622,176.622,83.0,95.924,data/raw/2026-07-13/llamacpp-b9979-amd-density-gate
2026-07-13,Beelink GTR9 Pro,Qwen3-Next 80B-A3B,vulkan-b9979-density,48,1,181.044,n/a,181.044,181.044,80.0,91.929,data/raw/2026-07-13/llamacpp-b9979-amd-density-gate
2026-07-13,Beelink GTR9 Pro,Qwen3-Next 80B-A3B,vulkan-b9979-density,64,1,193.906,n/a,193.906,193.906,84.0,100.839,data/raw/2026-07-13/llamacpp-b9979-amd-density-gate
2026-07-13,Beelink GTR9 Pro,Qwen3-Next 80B-A3B,vulkan-b9979-density-dense16,1,1,64.938,n/a,64.938,64.938,81.0,95.407,data/raw/2026-07-13/llamacpp-b9979-amd-density-gate
2026-07-13,Beelink GTR9 Pro,Qwen3-Next 80B-A3B,vulkan-b9979-density-dense16,2,1,90.736,n/a,90.736,90.736,81.0,95.407,data/raw/2026-07-13/llamacpp-b9979-amd-density-gate
2026-07-13,Beelink GTR9 Pro,Qwen3-Next 80B-A3B,vulkan-b9979-density-dense16,4,1,123.131,n/a,123.131,123.131,81.0,95.407,data/raw/2026-07-13/llamacpp-b9979-amd-density-gate
2026-07-13,Beelink GTR9 Pro,Qwen3-Next 80B-A3B,vulkan-b9979-density-dense16,8,3,144.758,0.345,144.546,145.157,81.0,92.311,data/raw/2026-07-13/llamacpp-b9979-amd-density-gate
2026-07-13,Beelink GTR9 Pro,Qwen3-Next 80B-A3B,vulkan-b9979-density-dense16,9,3,142.721,0.296,142.384,142.939,81.0,92.311,data/raw/2026-07-13/llamacpp-b9979-amd-density-gate
2026-07-13,Beelink GTR9 Pro,Qwen3-Next 80B-A3B,vulkan-b9979-density-dense16,12,3,144.968,0.384,144.555,145.314,81.0,92.311,data/raw/2026-07-13/llamacpp-b9979-amd-density-gate
2026-07-13,Beelink GTR9 Pro,Qwen3-Next 80B-A3B,vulkan-b9979-density-dense16,16,3,131.076,0.096,131.000,131.183,81.0,92.311,data/raw/2026-07-13/llamacpp-b9979-amd-density-gate
2026-07-13,Beelink GTR9 Pro,Qwen3-Next 80B-A3B,vulkan-b9979-density-dense16,24,1,166.304,n/a,166.304,166.304,83.0,95.563,data/raw/2026-07-13/llamacpp-b9979-amd-density-gate
2026-07-13,Beelink GTR9 Pro,Qwen3-Next 80B-A3B,vulkan-b9979-density-dense16,32,1,176.585,n/a,176.585,176.585,83.0,95.563,data/raw/2026-07-13/llamacpp-b9979-amd-density-gate
2026-07-13,Beelink GTR9 Pro,Qwen3-Next 80B-A3B,vulkan-b9979-density-dense16,48,1,180.899,n/a,180.899,180.899,81.0,92.456,data/raw/2026-07-13/llamacpp-b9979-amd-density-gate
2026-07-13,Beelink GTR9 Pro,Qwen3-Next 80B-A3B,vulkan-b9979-density-dense16,64,1,194.495,n/a,194.495,194.495,83.0,101.091,data/raw/2026-07-13/llamacpp-b9979-amd-density-gate
2026-07-13,Beelink GTR9 Pro,Qwen3-Next 80B-A3B,vulkan-b9979-stock,1,1,64.022,n/a,64.022,64.022,82.0,97.037,data/raw/2026-07-13/llamacpp-b9979-amd-density-gate
2026-07-13,Beelink GTR9 Pro,Qwen3-Next 80B-A3B,vulkan-b9979-stock,2,1,90.054,n/a,90.054,90.054,82.0,97.037,data/raw/2026-07-13/llamacpp-b9979-amd-density-gate
2026-07-13,Beelink GTR9 Pro,Qwen3-Next 80B-A3B,vulkan-b9979-stock,4,1,122.160,n/a,122.160,122.160,82.0,97.037,data/raw/2026-07-13/llamacpp-b9979-amd-density-gate
2026-07-13,Beelink GTR9 Pro,Qwen3-Next 80B-A3B,vulkan-b9979-stock,8,3,144.880,0.240,144.611,145.073,82.0,92.955,data/raw/2026-07-13/llamacpp-b9979-amd-density-gate
2026-07-13,Beelink GTR9 Pro,Qwen3-Next 80B-A3B,vulkan-b9979-stock,9,3,100.153,0.125,100.022,100.270,82.0,92.955,data/raw/2026-07-13/llamacpp-b9979-amd-density-gate
2026-07-13,Beelink GTR9 Pro,Qwen3-Next 80B-A3B,vulkan-b9979-stock,12,3,113.261,0.062,113.190,113.303,82.0,92.955,data/raw/2026-07-13/llamacpp-b9979-amd-density-gate
2026-07-13,Beelink GTR9 Pro,Qwen3-Next 80B-A3B,vulkan-b9979-stock,16,3,126.610,0.115,126.487,126.713,82.0,92.955,data/raw/2026-07-13/llamacpp-b9979-amd-density-gate
2026-07-13,Beelink GTR9 Pro,Qwen3-Next 80B-A3B,vulkan-b9979-stock,24,1,148.231,n/a,148.231,148.231,82.0,96.689,data/raw/2026-07-13/llamacpp-b9979-amd-density-gate
2026-07-13,Beelink GTR9 Pro,Qwen3-Next 80B-A3B,vulkan-b9979-stock,32,1,162.916,n/a,162.916,162.916,82.0,96.689,data/raw/2026-07-13/llamacpp-b9979-amd-density-gate
2026-07-13,Beelink GTR9 Pro,Qwen3-Next 80B-A3B,vulkan-b9979-stock,48,1,164.889,n/a,164.889,164.889,78.0,90.972,data/raw/2026-07-13/llamacpp-b9979-amd-density-gate
2026-07-13,Beelink GTR9 Pro,Qwen3-Next 80B-A3B,vulkan-b9979-stock,64,1,186.372,n/a,186.372,186.372,81.0,98.368,data/raw/2026-07-13/llamacpp-b9979-amd-density-gate
2026-07-16,Beelink GTR9 Pro,Qwen3-Coder 30B-A3B,vulkan-b10034-stock-sentinel,8,3,232.692,4.970,226.995,236.140,79.0,113.504,data/raw/2026-07-16/llamacpp-b10034-vulkan-sentinel
2026-07-16,Beelink GTR9 Pro,Qwen3-Coder 30B-A3B,vulkan-b10034-stock-sentinel,9,3,145.795,0.167,145.613,145.941,79.0,113.504,data/raw/2026-07-16/llamacpp-b10034-vulkan-sentinel
2026-07-16,Beelink GTR9 Pro,Qwen3-Next 80B-A3B,vulkan-b10034-stock-sentinel,8,3,144.607,2.760,141.542,146.896,76.0,72.319,data/raw/2026-07-16/llamacpp-b10034-vulkan-sentinel
2026-07-16,Beelink GTR9 Pro,Qwen3-Next 80B-A3B,vulkan-b10034-stock-sentinel,9,3,98.781,0.389,98.486,99.222,76.0,72.319,data/raw/2026-07-16/llamacpp-b10034-vulkan-sentinel
